"Window","Horizon","X1","X2","X3","X4","X5","X6","X7","X8","X9","X10","X11","X12","X13","X14","X15","X16","X17","X18","X19","X20","X21","X22","X23","X24","X25","X26","X27","X28","X29","X30","Window"
"Window_9","1",2.82681549998242,2.45142499843047,2.67176923311301,2.67859668147207,4.32478321465934,3.48798329219255,3.07104841775731,3.16792524159982,2.93979946713808,2.40023830732708,2.78970205345052,2.41694741811293,2.77592790993329,2.62306687719385,2.89149822405873,2.4245680410965,3.53302807788052,2.69756508907667,3.72484942948805,4.05535690478787,2.8422160928483,3.25075026919314,3.12357089967837,3.28542576793684,2.9723413783866,2.86353471445746,3.64620907880326,3.2872292554176,2.450480094718,3.64137206539843,"Window_9"
"Window_9","3",2.72631769291731,2.58377693299946,2.44933743741705,2.70460189273961,5.0916851504529,3.98530478005971,2.95888534320266,3.6363805571528,3.4349583750436,2.16451820451655,2.86207323348694,1.98207766007046,2.97843937550611,3.19274778697141,2.96184766894333,3.2236849545888,3.33091763520475,3.03326776507702,3.96338408817938,4.24920796525066,3.16345174836174,4.11978753515493,2.92000830915639,3.99492545185644,2.94457651948537,2.71258938910004,3.80613942290691,2.79966644219911,2.90235567614445,3.65518119016494,"Window_9"
"Window_9","6",2.72140272992523,2.5745747681494,2.34561565249633,2.64321042354272,4.78756365369041,4.12871553549012,2.93692009462662,3.30285971839617,2.91454519151953,2.10942297889653,2.93202167175775,1.97452865484863,2.67157038027937,3.25935688349128,2.72839927458869,2.67893758636091,3.74128837980842,3.0455669001125,3.81621085139689,4.33328229144315,3.05213394946745,3.64492701651874,2.88849332028422,3.76851573548036,2.96448137302233,2.79379940478615,3.22004051026441,3.05787288265376,2.5800631395163,3.36557709435394,"Window_9"
"Window_9","9",2.10808616976341,1.94892860934098,1.70024463143857,2.01417005293205,3.8988638292817,2.60936254135419,2.74124907336301,2.70990985294798,2.3272986736533,1.93943477222022,1.90471864773739,1.74146293140308,2.27146150355272,2.32739607016937,2.54896372873564,1.71098993724642,2.94015815702253,2.20229339306595,3.03037611150286,3.02846103903067,2.71217627703682,2.89050102324785,2.55925382044115,2.8707996036572,2.28855787453946,2.51362697128787,3.46339452830863,2.63734635654266,2.11852555300624,3.21921568459697,"Window_9"
"Window_9","12",2.58602421643599,1.8066954778088,3.05607934559758,1.75712650863143,3.44992184220133,3.41432318305609,3.14930447909776,2.36583304215735,2.03868997591896,2.42540167175658,2.85548942190275,2.52534415256281,2.06068189838143,1.95477301376176,1.79403238140369,1.60693240831088,3.31957553579,2.36495652955589,3.17059620637619,3.79116283285133,2.17064221879783,2.63133425956055,3.17719557123663,3.02323510686221,3.15548815908303,2.83980827500667,3.40358998028261,3.38545124467232,2.24990650894793,2.59677042954557,"Window_9"
"Window_9","Overall",2.03544225097835,1.50222376394036,1.27292421188533,1.8406252927525,2.65040018985414,2.16465969957704,1.62872729056005,1.70198419908155,1.36517503317431,1.85869800879287,1.82932599947262,1.2479421884597,1.42849292445696,1.12267561317107,2.10546365252178,1.38110949747122,2.51018005412988,1.61277882808188,2.43021480128796,2.64885938055966,1.67612062542954,1.87187141065702,1.94882493287379,2.09870170613107,1.65411851984656,1.28929283860008,3.24146886262178,2.08962633200962,1.23605116416984,2.44950995282403,"Window_9"
"Window_10","1",3.25430398791688,2.85432868693041,2.4444637973292,3.18519229380261,4.7085722532383,3.83751192619854,3.30843539690071,4.08007191139301,3.64066381920984,2.25195978295025,2.94583174359492,2.44159035738608,3.24657813471122,3.14034052727728,3.48953007939964,2.97805863804036,4.15850511571926,3.38073564579342,4.20672523002525,4.57093740779284,3.37128658685747,4.2223200733422,3.20113378813718,3.81791513859931,3.18606128305169,3.38170114598399,3.8716071994707,3.72905601578627,2.63620121626655,4.45405649811863,"Window_10"
"Window_10","3",2.5484600563616,1.97657208981183,1.8316666158343,2.46866693233,3.84169358428141,3.29872634526079,2.59053137024141,3.48710134172874,3.88013274951054,2.10324671523294,2.19143265075892,1.70896298797852,3.16379712350824,2.94963866399144,2.66335452186951,2.04573580307646,3.42157405088461,2.96158223733828,3.44522569405761,3.40424718119928,2.24795730517072,4.64573292354831,2.21809043476302,3.41162137281675,2.64612832900456,3.07559103080425,3.63699102406861,2.36671210310883,2.07209804425548,3.84847170372424,"Window_10"
"Window_10","6",2.54884468478998,2.03444365546992,1.39072226575921,2.26868329271098,4.13851512358175,3.05899475500235,2.31882198139493,3.72995946946059,3.30544612220059,1.80427574813094,2.30994857827829,1.37946952076728,2.85483541987893,2.82664588990595,2.78711919317667,2.16304185831102,3.14346896980661,2.7647923592622,3.38995275059598,3.42511944327269,2.37796546909351,4.48609865245762,2.08800231452875,3.40890005967471,2.2587447565968,2.74770754986581,3.49252894724162,1.95089826794601,2.33291902186158,3.58069572833376,"Window_10"
"Window_10","9",2.22017245843527,2.15411547103732,1.52476756831896,2.70496916957429,4.19023252951787,2.31455311635533,2.26777981335743,3.21825191565348,2.422825623458,1.4791920530742,1.73795396979402,1.62302910181058,2.91257240367011,2.40355373319685,3.41439764259,2.04055686305602,3.6777100048934,2.41248881716435,2.93054995933016,3.61754539849804,2.59316538056497,3.16128843569712,2.64239031081925,2.54568175569951,2.04974738375748,2.61661848535861,3.06318372001051,2.62634750892667,2.16552539058986,2.84366062819227,"Window_10"
"Window_10","12",2.67501434428605,2.29265867556627,2.01630851016867,2.22259103225029,4.23913748661999,3.70908352988637,2.86752115564268,2.58065783901467,2.70236089279584,1.83791597326622,3.00986981497434,1.91808430952558,2.43550946076258,2.93782976858931,2.15419013687465,2.46464947512388,3.66498155333485,3.07814117911623,3.44507925980748,3.9659462524307,2.75637642834735,3.52753093421005,2.57655907950104,3.6453397483002,3.06071783278761,2.85613738927228,3.21419702601558,3.22548194591282,1.87541206393401,3.12950664263269,"Window_10"
"Window_10","Overall",2.64384548406588,1.64213914422416,1.45770366185065,2.42080274699664,3.95856271099442,1.97850349346972,2.12950888193636,2.35162164482741,2.12101030926875,1.75014811271948,2.04354902629675,1.92843287011051,1.74413784332383,1.66229860159021,2.50047660895504,2.14634908815135,2.74161680359689,2.00960805627347,2.66255323086584,3.53799249674772,2.08839179764969,2.43917586703717,1.91363282245817,2.29253410132696,2.26652992843439,1.93102887746062,3.53479414891842,1.94056146174496,1.50367668603095,3.20531747813052,"Window_10"
"Window_11","1",3.57620123341341,3.22464267111738,2.74800863552567,3.51659256315133,4.98897206411133,4.10725526240082,3.60478884447623,4.69294940399273,3.98959904756092,2.64078090710027,3.60514824940762,2.54337167525206,3.83041559744306,3.50932641619857,4.00274208267672,3.24145299816494,4.49099729729071,3.66336652159582,4.47634493966381,4.97580041144315,3.93365784107697,4.73682955454244,3.44272989529955,4.14595601645234,3.42702546435807,3.79674540710593,4.04046178675631,4.28791283401789,3.12101757796855,4.64516472921797,"Window_11"
"Window_11","3",5.10187922167265,3.67091486198133,3.0621820663002,4.33260937626475,6.90607772448395,5.66512975997184,5.27989741972631,5.38090464439111,5.33994723186078,3.53460773275272,4.91027372192629,3.44513198438588,5.05401283991926,4.25606282867246,4.47229690429819,4.09435273726425,5.93854161409809,4.49908131435573,6.13732231720266,7.18944228935791,5.53804088836461,6.39816387592542,4.39936156986536,5.54288534020903,5.05070487771499,5.01400666605782,6.29033936980759,4.81029827397036,3.37671367660835,6.48483215979349,"Window_11"
"Window_11","6",3.6525166031941,2.63118658822023,1.8904576004113,3.29433249358972,5.29580621821317,4.44055549664551,3.52562989293118,4.37166342491521,4.15730521909173,2.57422029445634,3.44861939070515,2.02118003273576,3.56025600228921,3.08390438580247,3.43733099950304,2.60588844176112,4.68669878430193,3.17604200341161,4.9558217468146,5.57357277476227,3.60293534778503,5.05978027178238,3.00030246003246,4.46021560643232,3.27154101424624,3.43392010406698,4.87044617685288,2.8973626733746,2.79671547652465,5.41034078361606,"Window_11"
"Window_11","9",3.69112912072983,3.36929546542937,3.05236582833408,4.08716186251664,4.9075565047592,4.10843356753718,2.93945513002183,5.2898893076126,3.41025289210604,2.94307462576403,2.99945497090573,2.51401694038041,3.50339173708836,3.64883561906594,4.24126200600073,3.52040543980834,5.56659206319616,3.91147031213213,4.28993884597622,5.57447369477943,3.82046145362243,4.44903382739095,3.8227135465334,3.72349425164398,3.5788896347519,3.99857150811337,3.70708425865007,4.28909375353963,3.13061042216537,4.04754543979555,"Window_11"
"Window_11","12",2.1653616159546,1.87972832913227,1.41004554894273,2.13196017977858,3.88656962115533,3.03630314036012,2.04565228405609,3.43114211543915,3.28466795104036,1.29126632907778,1.6572637225815,1.30978739999974,2.57618437628071,2.5303351407485,2.68490787265503,1.93805224535477,2.92105738761324,2.75988190501343,2.63250958234745,3.54786413108112,2.13282241155196,4.51238407136959,2.40866529945027,2.83171707973305,2.28079897927196,2.55065770123486,3.2170346323572,2.57989380600221,1.66313500983574,3.37894119439379,"Window_11"
"Window_11","Overall",2.02225212455005,1.95602947833204,1.08040812788189,2.69622499848469,3.81593427665277,1.93815905010951,1.38189113053213,2.79298210631713,2.14999192608453,1.0718082739638,1.72448332805734,1.19658923609029,1.83775945267951,1.49772814844442,2.9187202108439,1.89133441554108,2.64339577916072,2.43770744731321,1.9912672675773,3.52720906445454,2.17759659403306,2.81977982845441,1.31482593809443,1.44138077393966,1.44306536770296,1.58992100198483,1.99244541990745,1.78500274950833,1.95707498930402,2.47299863314265,"Window_11"
"Window_12","1",4.68481605716627,3.86679559314751,3.61583340151972,4.48213291570872,6.38828549383354,5.0555778228743,5.09844195130805,5.39843602195623,4.94139011153732,3.30801796010638,5.50053094533014,3.24316497595923,5.28214233223101,4.07035585407854,4.92824343153941,4.20378302317745,5.83730284328135,4.1321895502381,6.07610342140553,6.53286482478233,5.5967391866217,5.2815991660633,4.71066519639564,5.49000838590191,4.48679242383674,4.53009425796763,5.67643281642733,5.47871572354491,4.25406626374885,5.72336631191485,"Window_12"
"Window_12","3",6.71998444305203,5.79598753504404,4.50617257022818,5.42861877632127,8.63262106710612,6.33307870431668,6.75736774082848,7.55657387126577,6.0305999132996,4.35908184964883,8.14608165831918,5.01468924209277,6.07783567314238,5.76878747514725,6.12738931062115,6.09366556780652,8.4871329283218,5.79470102144615,7.14006053998084,8.84230938814658,8.36121748631595,7.89150086337878,6.31320432940485,6.81423689460151,6.87994104094102,6.93179268531426,7.24611674983049,7.10665960673759,4.29557516408238,7.28427255440537,"Window_12"
"Window_12","6",4.8364779833622,4.0691673792579,3.31845091731929,4.68288558979757,8.18978929205625,6.24012895657928,5.9042303568895,6.48423206227165,5.40288000262758,3.54989948640484,5.84485300211972,3.60598082272773,5.80099102830259,4.48837913792349,5.10106680240345,5.03169928482054,6.58277351000085,4.54159471174564,6.92968833585813,8.31577054723844,6.79443025448149,7.02252592807484,4.81505281651197,6.186050039447,5.17605226486944,5.21525654318786,7.19888077208329,5.28301975475345,3.79451220325789,7.16294484376839,"Window_12"
"Window_12","9",4.26965411824983,3.6953074537641,3.75191994538119,4.75677379454065,5.52637300907851,4.0159738337857,4.28866400354585,6.20137978533007,3.91170112029183,3.07849816695321,3.78386893251475,2.83131692059849,3.94005544186575,4.57227819409742,4.21301439191179,3.63424952580061,5.26258899483468,4.32256823507644,5.44525401778232,6.17083136409009,4.98103537662326,4.62293837761634,4.73455791807455,4.69613976695832,4.3036883262977,4.38767422617047,4.25961895444012,5.61388308596617,3.62256707489406,4.64363433183616,"Window_12"
"Window_12","12",3.10164762042462,2.6184279244489,1.87606780882461,2.68281630898722,4.88998935397941,4.42261857204018,2.36719080501766,3.58776308079357,3.72130542036069,1.92997012614479,3.80256845902681,1.9199356008719,3.45549150406502,2.24249922032608,3.28500915213437,2.3092410756568,4.20926430683863,2.48992872727394,3.94893809191979,5.00602117137668,2.50145157433003,4.65368394910458,3.58877376863394,4.33659079766731,2.71945199732893,2.73570947275971,4.58625458573445,3.12758535058427,2.27259850555982,4.69544720538707,"Window_12"
"Window_12","Overall",2.4545209467003,2.04210916037182,2.4821995833548,3.33882572865773,3.87402453417681,3.01618841449049,2.83822904837907,4.0565414854923,2.69193704222865,2.05483994607429,2.37851248838283,1.52005669503388,2.15516223173348,2.18662347508402,3.21699049366878,2.66316253411198,3.81944488429858,3.08612820373947,3.0956718536836,4.26256637843102,3.71065436870495,3.20656484075907,1.88837552534646,2.25715509252112,2.32606046885497,2.21704500601059,1.85971134529278,3.66436055392477,2.79591182915333,2.80143140429864,"Window_12"
"Window_13","1",5.96648474870948,5.29110054478617,4.8232000770206,5.80879757498923,7.67900898677484,6.18029234742886,6.85160805150297,7.23915243075869,6.54821287135192,3.9146162103682,7.57548389385649,4.12392222464027,6.4441138134257,5.42219831834142,6.22077755798152,5.38411501249993,7.55947879286974,5.5180200905154,7.68543961157317,8.24575775153569,7.50778311702294,7.10653626618264,6.4568010648432,7.23432959129946,5.7200028039605,5.76048554031398,7.60575370265382,6.8838184091332,5.75737760955945,7.44559913293657,"Window_13"
"Window_13","3",5.85087078635264,5.79082896046635,5.20058611366147,4.72489380224243,6.65513677134771,5.53739749106556,6.85535016164224,8.87151888447843,5.83331885333539,4.76781241089924,8.86649021185021,5.36985091087025,5.56927248874631,6.68967834382793,4.86995058485194,6.05974649335051,6.88928891896426,6.07985461209521,7.09500037487248,7.45230401948203,8.57046277909091,8.07280500997124,6.67146453823262,6.55828283727821,7.04763343291923,6.98835950954989,7.06061609427344,7.55696983102957,4.99494930241011,6.61218729827034,"Window_13"
"Window_13","6",5.04052437625684,5.77222320176379,4.62594127257939,4.87623209854052,7.58086247835562,5.99605840557003,6.67357860847353,8.42317075409836,5.43682892602074,4.36206445133947,7.78296233528439,4.82060429701641,5.69022077541749,5.95423958791302,4.85211149298613,5.97196049741797,6.31890716276375,5.5355269507861,7.1578925026899,8.26892933719255,7.23830652182122,7.53851966471764,6.22450918528332,6.61846823813781,6.86141284187331,6.34418974072047,7.60352013634904,7.00791378304615,4.78652162429346,7.00682963836387,"Window_13"
"Window_13","9",5.80988510640151,4.83998543472177,4.32065898309831,5.6152566825428,4.8927853150185,4.63874840406018,5.58058881051654,6.94923965137154,5.59491519639162,3.39199269932036,5.1912784368508,3.21001696663526,5.39585828116678,5.56090100702137,5.8699454599006,3.57726395843318,5.95051108403206,5.2873065427926,6.32454757800007,5.45907682161552,6.34743924573301,6.02529283649433,6.08352758999939,7.06774130787516,4.24878724293739,4.27984100110196,5.87586976598182,6.73319751934005,4.98406625380702,5.21186561021961,"Window_13"
"Window_13","12",5.7887524243246,5.01961005641903,4.39300657181811,4.86166817090772,8.16755585884447,6.42265774511796,5.23710207921756,6.00018729151486,5.63025505626691,3.79135324476463,6.80423581492884,4.15545697946801,5.86277898162613,4.6069322026863,5.37744718273038,5.1644784606836,7.24849863064077,4.70746389889839,7.21403587774238,8.22008023396593,6.66797222728796,7.15264395819479,6.02883998089032,6.78089258628254,5.56745959185509,5.50751584174701,7.81610647321197,6.16718469897167,4.63070842633096,7.01642682288042,"Window_13"
"Window_13","Overall",3.58235109922576,3.15302314627323,3.17005232531961,4.64302836501154,5.24704830943474,3.87847081544159,4.83686263329764,5.47193413243256,4.15858071202466,2.73391931617541,3.60687820196023,2.17274097520626,3.68314134707153,3.76636602433722,4.54886267935274,3.06648626502784,5.34578155961766,3.75318165844798,5.36344505547773,5.66730877707785,5.47111042454937,4.62170998277999,3.47280012182348,4.10755454523656,3.48658635798599,3.00422415380475,3.9180583890792,5.22052212568169,3.36807673231593,4.42590689451208,"Window_13"
