"subzone","date","image_name","max_region","region","na_count","landsat_number"
"CHANGI",2000-04-28,"LST_Singapore_2000-04-28.tif","West","West",771,"7"
"CHANGI",2000-04-28,"LST_Singapore_2000-04-28.tif","West","East",698,"7"
"CHANGI",2000-04-28,"LST_Singapore_2000-04-28.tif","West","North",278,"7"
"CHANGI",2000-04-28,"LST_Singapore_2000-04-28.tif","West","South",168,"7"
"CHANGI",2000-04-28,"LST_Singapore_2000-04-28.tif","West","Central",55,"7"
"CHANGI",2000-05-30,"LST_Singapore_2000-05-30.tif","East","East",245,"7"
"CHANGI",2000-05-30,"LST_Singapore_2000-05-30.tif","East","North",144,"7"
"CHANGI",2000-05-30,"LST_Singapore_2000-05-30.tif","East","West",71,"7"
"CHANGI",2000-05-30,"LST_Singapore_2000-05-30.tif","East","Central",24,"7"
