"subzone","na_count","total_pixels","na_percentage","date","image_name","landsat_number","formatted_date"
"JURONG EAST",812,4189,19.3841012174743,2000-04-28,"LST_Singapore_2000-04-28.tif",7,"Apr 28, 2000"
"JURONG EAST",1217,4189,29.0522797803772,2000-05-30,"LST_Singapore_2000-05-30.tif",7,"May 30, 2000"
"JURONG EAST",559,4189,13.3444736213894,2000-07-17,"LST_Singapore_2000-07-17.tif",7,"Jul 17, 2000"
"JURONG EAST",44,4189,1.05037001671043,2000-09-03,"LST_Singapore_2000-09-03.tif",7,"Sep 03, 2000"
"JURONG EAST",686,4189,16.376223442349,2000-11-06,"LST_Singapore_2000-11-06.tif",7,"Nov 06, 2000"
"JURONG EAST",2389,4189,57.0303174982096,2000-12-08,"LST_Singapore_2000-12-08.tif",7,"Dec 08, 2000"
"JURONG EAST",2388,4189,57.0064454523753,2001-01-09,"LST_Singapore_2001-01-09.tif",7,"Jan 09, 2001"
"JURONG EAST",1280,4189,30.5562186679398,2001-02-26,"LST_Singapore_2001-02-26.tif",7,"Feb 26, 2001"
"JURONG EAST",2389,4189,57.0303174982096,2001-03-14,"LST_Singapore_2001-03-14.tif",7,"Mar 14, 2001"
"JURONG EAST",1277,4189,30.4846025304369,2001-03-30,"LST_Singapore_2001-03-30.tif",7,"Mar 30, 2001"
"JURONG EAST",741,4189,17.689185963237,2001-04-15,"LST_Singapore_2001-04-15.tif",7,"Apr 15, 2001"
"JURONG EAST",113,4189,2.69754117927906,2001-05-01,"LST_Singapore_2001-05-01.tif",7,"May 01, 2001"
"JURONG EAST",2389,4189,57.0303174982096,2001-05-17,"LST_Singapore_2001-05-17.tif",7,"May 17, 2001"
"JURONG EAST",1398,4189,33.3731200763905,2001-07-20,"LST_Singapore_2001-07-20.tif",7,"Jul 20, 2001"
"JURONG EAST",2389,4189,57.0303174982096,2001-09-06,"LST_Singapore_2001-09-06.tif",7,"Sep 06, 2001"
"JURONG EAST",150,4189,3.5808068751492,2001-09-22,"LST_Singapore_2001-09-22.tif",7,"Sep 22, 2001"
"JURONG EAST",2389,4189,57.0303174982096,2001-10-24,"LST_Singapore_2001-10-24.tif",7,"Oct 24, 2001"
"JURONG EAST",2389,4189,57.0303174982096,2001-11-09,"LST_Singapore_2001-11-09.tif",7,"Nov 09, 2001"
"JURONG EAST",2389,4189,57.0303174982096,2001-11-25,"LST_Singapore_2001-11-25.tif",7,"Nov 25, 2001"
"JURONG EAST",1642,4189,39.1978992599666,2002-01-12,"LST_Singapore_2002-01-12.tif",7,"Jan 12, 2002"
"JURONG EAST",159,4189,3.79565528765815,2002-01-28,"LST_Singapore_2002-01-28.tif",7,"Jan 28, 2002"
"JURONG EAST",2389,4189,57.0303174982096,2002-03-01,"LST_Singapore_2002-03-01.tif",7,"Mar 01, 2002"
"JURONG EAST",836,4189,19.9570303174982,2002-03-17,"LST_Singapore_2002-03-17.tif",7,"Mar 17, 2002"
"JURONG EAST",485,4189,11.5779422296491,2002-04-02,"LST_Singapore_2002-04-02.tif",7,"Apr 02, 2002"
"JURONG EAST",2389,4189,57.0303174982096,2002-05-04,"LST_Singapore_2002-05-04.tif",7,"May 04, 2002"
"JURONG EAST",1966,4189,46.9324421102889,2002-05-20,"LST_Singapore_2002-05-20.tif",7,"May 20, 2002"
"JURONG EAST",471,4189,11.2437335879685,2002-06-05,"LST_Singapore_2002-06-05.tif",7,"Jun 05, 2002"
"JURONG EAST",2389,4189,57.0303174982096,2002-06-21,"LST_Singapore_2002-06-21.tif",7,"Jun 21, 2002"
"JURONG EAST",2389,4189,57.0303174982096,2002-07-07,"LST_Singapore_2002-07-07.tif",7,"Jul 07, 2002"
"JURONG EAST",2389,4189,57.0303174982096,2002-07-23,"LST_Singapore_2002-07-23.tif",7,"Jul 23, 2002"
"JURONG EAST",2373,4189,56.6483647648603,2002-08-08,"LST_Singapore_2002-08-08.tif",7,"Aug 08, 2002"
"JURONG EAST",2389,4189,57.0303174982096,2002-08-24,"LST_Singapore_2002-08-24.tif",7,"Aug 24, 2002"
"JURONG EAST",257,4189,6.1351157794223,2002-09-09,"LST_Singapore_2002-09-09.tif",7,"Sep 09, 2002"
"JURONG EAST",2389,4189,57.0303174982096,2002-09-25,"LST_Singapore_2002-09-25.tif",7,"Sep 25, 2002"
"JURONG EAST",0,4189,0,2002-10-11,"LST_Singapore_2002-10-11.tif",7,"Oct 11, 2002"
"JURONG EAST",2389,4189,57.0303174982096,2002-10-27,"LST_Singapore_2002-10-27.tif",7,"Oct 27, 2002"
"JURONG EAST",2389,4189,57.0303174982096,2002-11-12,"LST_Singapore_2002-11-12.tif",7,"Nov 12, 2002"
"JURONG EAST",917,4189,21.8906660300788,2002-12-14,"LST_Singapore_2002-12-14.tif",7,"Dec 14, 2002"
"JURONG EAST",2389,4189,57.0303174982096,2002-12-30,"LST_Singapore_2002-12-30.tif",7,"Dec 30, 2002"
"JURONG EAST",207,4189,4.9415134877059,2003-01-15,"LST_Singapore_2003-01-15.tif",7,"Jan 15, 2003"
"JURONG EAST",870,4189,20.7686798758654,2003-03-04,"LST_Singapore_2003-03-04.tif",7,"Mar 04, 2003"
"JURONG EAST",2389,4189,57.0303174982096,2003-03-20,"LST_Singapore_2003-03-20.tif",7,"Mar 20, 2003"
"JURONG EAST",2211,4189,52.7810933396992,2003-04-05,"LST_Singapore_2003-04-05.tif",7,"Apr 05, 2003"
"JURONG EAST",2389,4189,57.0303174982096,2003-04-21,"LST_Singapore_2003-04-21.tif",7,"Apr 21, 2003"
"JURONG EAST",1715,4189,40.9405586058725,2003-05-07,"LST_Singapore_2003-05-07.tif",7,"May 07, 2003"
"JURONG EAST",339,4189,8.09262353783719,2003-05-23,"LST_Singapore_2003-05-23.tif",7,"May 23, 2003"
"JURONG EAST",1884,4189,44.974934351874,2003-08-27,"LST_Singapore_2003-08-27.tif",7,"Aug 27, 2003"
"JURONG EAST",1801,4189,42.9935545476247,2003-11-15,"LST_Singapore_2003-11-15.tif",7,"Nov 15, 2003"
"JURONG EAST",2389,4189,57.0303174982096,2003-12-01,"LST_Singapore_2003-12-01.tif",7,"Dec 01, 2003"
"JURONG EAST",2207,4189,52.6856051563619,2004-01-02,"LST_Singapore_2004-01-02.tif",7,"Jan 02, 2004"
"JURONG EAST",1303,4189,31.1052757221294,2004-01-18,"LST_Singapore_2004-01-18.tif",7,"Jan 18, 2004"
"JURONG EAST",2368,4189,56.5290045356887,2004-02-19,"LST_Singapore_2004-02-19.tif",7,"Feb 19, 2004"
"JURONG EAST",2161,4189,51.5874910479828,2004-03-06,"LST_Singapore_2004-03-06.tif",7,"Mar 06, 2004"
"JURONG EAST",2389,4189,57.0303174982096,2004-03-22,"LST_Singapore_2004-03-22.tif",7,"Mar 22, 2004"
"JURONG EAST",2371,4189,56.6006206731917,2004-04-07,"LST_Singapore_2004-04-07.tif",7,"Apr 07, 2004"
"JURONG EAST",2388,4189,57.0064454523753,2004-04-23,"LST_Singapore_2004-04-23.tif",7,"Apr 23, 2004"
"JURONG EAST",623,4189,14.8722845547863,2004-05-09,"LST_Singapore_2004-05-09.tif",7,"May 09, 2004"
"JURONG EAST",2389,4189,57.0303174982096,2004-05-25,"LST_Singapore_2004-05-25.tif",7,"May 25, 2004"
"JURONG EAST",2176,4189,51.9455717354977,2004-06-10,"LST_Singapore_2004-06-10.tif",7,"Jun 10, 2004"
"JURONG EAST",1711,4189,40.8450704225352,2004-07-12,"LST_Singapore_2004-07-12.tif",7,"Jul 12, 2004"
"JURONG EAST",826,4189,19.7183098591549,2004-10-16,"LST_Singapore_2004-10-16.tif",7,"Oct 16, 2004"
"JURONG EAST",698,4189,16.6626879923609,2004-11-17,"LST_Singapore_2004-11-17.tif",7,"Nov 17, 2004"
"JURONG EAST",2389,4189,57.0303174982096,2004-12-19,"LST_Singapore_2004-12-19.tif",7,"Dec 19, 2004"
"JURONG EAST",698,4189,16.6626879923609,2005-01-20,"LST_Singapore_2005-01-20.tif",7,"Jan 20, 2005"
"JURONG EAST",873,4189,20.8402960133683,2005-02-05,"LST_Singapore_2005-02-05.tif",7,"Feb 05, 2005"
"JURONG EAST",784,4189,18.7156839341132,2005-02-21,"LST_Singapore_2005-02-21.tif",7,"Feb 21, 2005"
"JURONG EAST",846,4189,20.1957507758415,2005-03-09,"LST_Singapore_2005-03-09.tif",7,"Mar 09, 2005"
"JURONG EAST",698,4189,16.6626879923609,2005-04-10,"LST_Singapore_2005-04-10.tif",7,"Apr 10, 2005"
"JURONG EAST",903,4189,21.5564573883982,2005-04-26,"LST_Singapore_2005-04-26.tif",7,"Apr 26, 2005"
"JURONG EAST",2073,4189,49.4867510145619,2005-07-15,"LST_Singapore_2005-07-15.tif",7,"Jul 15, 2005"
"JURONG EAST",913,4189,21.7951778467415,2005-08-16,"LST_Singapore_2005-08-16.tif",7,"Aug 16, 2005"
"JURONG EAST",2389,4189,57.0303174982096,2005-09-01,"LST_Singapore_2005-09-01.tif",7,"Sep 01, 2005"
"JURONG EAST",2009,4189,47.958940081165,2005-09-17,"LST_Singapore_2005-09-17.tif",7,"Sep 17, 2005"
"JURONG EAST",2389,4189,57.0303174982096,2005-10-19,"LST_Singapore_2005-10-19.tif",7,"Oct 19, 2005"
"JURONG EAST",2389,4189,57.0303174982096,2005-11-20,"LST_Singapore_2005-11-20.tif",7,"Nov 20, 2005"
"JURONG EAST",1474,4189,35.1873955597995,2005-12-06,"LST_Singapore_2005-12-06.tif",7,"Dec 06, 2005"
"JURONG EAST",2389,4189,57.0303174982096,2005-12-22,"LST_Singapore_2005-12-22.tif",7,"Dec 22, 2005"
"JURONG EAST",1019,4189,24.3256147051802,2006-02-08,"LST_Singapore_2006-02-08.tif",7,"Feb 08, 2006"
"JURONG EAST",763,4189,18.2143709715923,2006-03-12,"LST_Singapore_2006-03-12.tif",7,"Mar 12, 2006"
"JURONG EAST",2389,4189,57.0303174982096,2006-04-13,"LST_Singapore_2006-04-13.tif",7,"Apr 13, 2006"
"JURONG EAST",1038,4189,24.7791835760325,2006-04-29,"LST_Singapore_2006-04-29.tif",7,"Apr 29, 2006"
"JURONG EAST",2389,4189,57.0303174982096,2006-05-15,"LST_Singapore_2006-05-15.tif",7,"May 15, 2006"
"JURONG EAST",1112,4189,26.5457149677727,2006-05-31,"LST_Singapore_2006-05-31.tif",7,"May 31, 2006"
"JURONG EAST",2367,4189,56.5051324898544,2006-06-16,"LST_Singapore_2006-06-16.tif",7,"Jun 16, 2006"
"JURONG EAST",1813,4189,43.2800190976367,2006-07-02,"LST_Singapore_2006-07-02.tif",7,"Jul 02, 2006"
"JURONG EAST",777,4189,18.5485796132729,2006-07-18,"LST_Singapore_2006-07-18.tif",7,"Jul 18, 2006"
"JURONG EAST",1803,4189,43.0412986392934,2006-08-03,"LST_Singapore_2006-08-03.tif",7,"Aug 03, 2006"
"JURONG EAST",1170,4189,27.9302936261638,2006-09-20,"LST_Singapore_2006-09-20.tif",7,"Sep 20, 2006"
"JURONG EAST",999,4189,23.8481737884937,2006-11-23,"LST_Singapore_2006-11-23.tif",7,"Nov 23, 2006"
"JURONG EAST",2389,4189,57.0303174982096,2006-12-25,"LST_Singapore_2006-12-25.tif",7,"Dec 25, 2006"
"JURONG EAST",2293,4189,54.7386010981141,2007-01-10,"LST_Singapore_2007-01-10.tif",7,"Jan 10, 2007"
"JURONG EAST",1781,4189,42.5161136309382,2007-02-11,"LST_Singapore_2007-02-11.tif",7,"Feb 11, 2007"
"JURONG EAST",1591,4189,37.9804249224158,2007-04-16,"LST_Singapore_2007-04-16.tif",7,"Apr 16, 2007"
"JURONG EAST",2389,4189,57.0303174982096,2007-05-18,"LST_Singapore_2007-05-18.tif",7,"May 18, 2007"
"JURONG EAST",848,4189,20.2434948675101,2007-06-03,"LST_Singapore_2007-06-03.tif",7,"Jun 03, 2007"
"JURONG EAST",2389,4189,57.0303174982096,2007-07-05,"LST_Singapore_2007-07-05.tif",7,"Jul 05, 2007"
"JURONG EAST",1642,4189,39.1978992599666,2007-09-07,"LST_Singapore_2007-09-07.tif",7,"Sep 07, 2007"
"JURONG EAST",1022,4189,24.3972308426832,2007-12-28,"LST_Singapore_2007-12-28.tif",7,"Dec 28, 2007"
"JURONG EAST",594,4189,14.1799952255908,2008-01-13,"LST_Singapore_2008-01-13.tif",7,"Jan 13, 2008"
"JURONG EAST",744,4189,17.76080210074,2008-05-20,"LST_Singapore_2008-05-20.tif",7,"May 20, 2008"
"JURONG EAST",2156,4189,51.4681308188112,2008-06-05,"LST_Singapore_2008-06-05.tif",7,"Jun 05, 2008"
"JURONG EAST",913,4189,21.7951778467415,2008-10-11,"LST_Singapore_2008-10-11.tif",7,"Oct 11, 2008"
"JURONG EAST",743,4189,17.7369300549057,2009-02-16,"LST_Singapore_2009-02-16.tif",7,"Feb 16, 2009"
"JURONG EAST",2389,4189,57.0303174982096,2009-03-04,"LST_Singapore_2009-03-04.tif",7,"Mar 04, 2009"
"JURONG EAST",1281,4189,30.5800907137742,2009-03-20,"LST_Singapore_2009-03-20.tif",7,"Mar 20, 2009"
"JURONG EAST",1022,4189,24.3972308426832,2009-05-07,"LST_Singapore_2009-05-07.tif",7,"May 07, 2009"
"JURONG EAST",1049,4189,25.0417760802101,2009-05-23,"LST_Singapore_2009-05-23.tif",7,"May 23, 2009"
"JURONG EAST",563,4189,13.4399618047267,2009-06-08,"LST_Singapore_2009-06-08.tif",7,"Jun 08, 2009"
"JURONG EAST",2389,4189,57.0303174982096,2009-06-24,"LST_Singapore_2009-06-24.tif",7,"Jun 24, 2009"
"JURONG EAST",1832,4189,43.7335879684889,2009-07-26,"LST_Singapore_2009-07-26.tif",7,"Jul 26, 2009"
"JURONG EAST",2367,4189,56.5051324898544,2010-02-03,"LST_Singapore_2010-02-03.tif",7,"Feb 03, 2010"
"JURONG EAST",2389,4189,57.0303174982096,2010-02-19,"LST_Singapore_2010-02-19.tif",7,"Feb 19, 2010"
"JURONG EAST",560,4189,13.3683456672237,2010-03-07,"LST_Singapore_2010-03-07.tif",7,"Mar 07, 2010"
"JURONG EAST",2389,4189,57.0303174982096,2010-04-08,"LST_Singapore_2010-04-08.tif",7,"Apr 08, 2010"
"JURONG EAST",2389,4189,57.0303174982096,2010-04-24,"LST_Singapore_2010-04-24.tif",7,"Apr 24, 2010"
"JURONG EAST",2377,4189,56.7438529481977,2010-10-17,"LST_Singapore_2010-10-17.tif",7,"Oct 17, 2010"
"JURONG EAST",2389,4189,57.0303174982096,2010-11-02,"LST_Singapore_2010-11-02.tif",7,"Nov 02, 2010"
"JURONG EAST",2389,4189,57.0303174982096,2010-11-18,"LST_Singapore_2010-11-18.tif",7,"Nov 18, 2010"
"JURONG EAST",2389,4189,57.0303174982096,2010-12-20,"LST_Singapore_2010-12-20.tif",7,"Dec 20, 2010"
"JURONG EAST",2389,4189,57.0303174982096,2011-01-21,"LST_Singapore_2011-01-21.tif",7,"Jan 21, 2011"
"JURONG EAST",1077,4189,25.7101933635713,2011-02-22,"LST_Singapore_2011-02-22.tif",7,"Feb 22, 2011"
"JURONG EAST",2389,4189,57.0303174982096,2011-03-26,"LST_Singapore_2011-03-26.tif",7,"Mar 26, 2011"
"JURONG EAST",814,4189,19.431845309143,2011-04-27,"LST_Singapore_2011-04-27.tif",7,"Apr 27, 2011"
"JURONG EAST",2389,4189,57.0303174982096,2011-08-01,"LST_Singapore_2011-08-01.tif",7,"Aug 01, 2011"
"JURONG EAST",2389,4189,57.0303174982096,2011-08-17,"LST_Singapore_2011-08-17.tif",7,"Aug 17, 2011"
"JURONG EAST",1812,4189,43.2561470518023,2011-09-02,"LST_Singapore_2011-09-02.tif",7,"Sep 02, 2011"
"JURONG EAST",2130,4189,50.8474576271186,2011-09-18,"LST_Singapore_2011-09-18.tif",7,"Sep 18, 2011"
"JURONG EAST",1793,4189,42.8025781809501,2011-10-20,"LST_Singapore_2011-10-20.tif",7,"Oct 20, 2011"
"JURONG EAST",2389,4189,57.0303174982096,2011-11-05,"LST_Singapore_2011-11-05.tif",7,"Nov 05, 2011"
"JURONG EAST",1335,4189,31.8691811888279,2011-12-07,"LST_Singapore_2011-12-07.tif",7,"Dec 07, 2011"
"JURONG EAST",2389,4189,57.0303174982096,2012-01-24,"LST_Singapore_2012-01-24.tif",7,"Jan 24, 2012"
"JURONG EAST",1881,4189,44.903318214371,2012-02-09,"LST_Singapore_2012-02-09.tif",7,"Feb 09, 2012"
"JURONG EAST",1185,4189,28.2883743136787,2012-02-25,"LST_Singapore_2012-02-25.tif",7,"Feb 25, 2012"
"JURONG EAST",2389,4189,57.0303174982096,2012-03-28,"LST_Singapore_2012-03-28.tif",7,"Mar 28, 2012"
"JURONG EAST",754,4189,17.9995225590833,2012-04-13,"LST_Singapore_2012-04-13.tif",7,"Apr 13, 2012"
"JURONG EAST",1077,4189,25.7101933635713,2012-04-29,"LST_Singapore_2012-04-29.tif",7,"Apr 29, 2012"
"JURONG EAST",2388,4189,57.0064454523753,2012-05-15,"LST_Singapore_2012-05-15.tif",7,"May 15, 2012"
"JURONG EAST",1250,4189,29.84005729291,2012-06-16,"LST_Singapore_2012-06-16.tif",7,"Jun 16, 2012"
"JURONG EAST",1068,4189,25.4953449510623,2012-07-02,"LST_Singapore_2012-07-02.tif",7,"Jul 02, 2012"
"JURONG EAST",982,4189,23.4423490093101,2012-09-04,"LST_Singapore_2012-09-04.tif",7,"Sep 04, 2012"
"JURONG EAST",699,4189,16.6865600381953,2012-09-20,"LST_Singapore_2012-09-20.tif",7,"Sep 20, 2012"
"JURONG EAST",1994,4189,47.60085939365,2012-10-06,"LST_Singapore_2012-10-06.tif",7,"Oct 06, 2012"
"JURONG EAST",883,4189,21.0790164717116,2012-11-07,"LST_Singapore_2012-11-07.tif",7,"Nov 07, 2012"
"JURONG EAST",2389,4189,57.0303174982096,2012-11-23,"LST_Singapore_2012-11-23.tif",7,"Nov 23, 2012"
"JURONG EAST",833,4189,19.8854141799952,2013-01-26,"LST_Singapore_2013-01-26.tif",7,"Jan 26, 2013"
"JURONG EAST",2389,4189,57.0303174982096,2013-02-11,"LST_Singapore_2013-02-11.tif",7,"Feb 11, 2013"
"JURONG EAST",1809,4189,43.1845309142994,2013-02-27,"LST_Singapore_2013-02-27.tif",7,"Feb 27, 2013"
"JURONG EAST",1332,4189,31.7975650513249,2013-03-15,"LST_Singapore_2013-03-15.tif",7,"Mar 15, 2013"
"JURONG EAST",1335,4189,31.8691811888279,2013-04-16,"LST_Singapore_2013-04-16.tif",7,"Apr 16, 2013"
"JURONG EAST",2389,4189,57.0303174982096,2013-05-02,"LST_Singapore_2013-05-02.tif",7,"May 02, 2013"
"JURONG EAST",2389,4189,57.0303174982096,2013-05-18,"LST_Singapore_2013-05-18.tif",7,"May 18, 2013"
"JURONG EAST",1671,4189,39.8901885891621,2013-06-03,"LST_Singapore_2013-06-03.tif",7,"Jun 03, 2013"
"JURONG EAST",681,4189,16.2568632131774,2013-06-19,"LST_Singapore_2013-06-19.tif",7,"Jun 19, 2013"
"JURONG EAST",913,4189,21.7951778467415,2013-07-21,"LST_Singapore_2013-07-21.tif",7,"Jul 21, 2013"
"JURONG EAST",2389,4189,57.0303174982096,2013-08-22,"LST_Singapore_2013-08-22.tif",7,"Aug 22, 2013"
"JURONG EAST",2319,4189,55.3592742898066,2013-10-25,"LST_Singapore_2013-10-25.tif",7,"Oct 25, 2013"
"JURONG EAST",1286,4189,30.6994509429458,2013-12-12,"LST_Singapore_2013-12-12.tif",7,"Dec 12, 2013"
"JURONG EAST",2389,4189,57.0303174982096,2013-12-28,"LST_Singapore_2013-12-28.tif",7,"Dec 28, 2013"
"JURONG EAST",2389,4189,57.0303174982096,2014-01-13,"LST_Singapore_2014-01-13.tif",7,"Jan 13, 2014"
"JURONG EAST",2162,4189,51.6113630938171,2014-01-29,"LST_Singapore_2014-01-29.tif",7,"Jan 29, 2014"
"JURONG EAST",1319,4189,31.4872284554786,2014-02-14,"LST_Singapore_2014-02-14.tif",7,"Feb 14, 2014"
"JURONG EAST",2340,4189,55.8605872523275,2014-03-02,"LST_Singapore_2014-03-02.tif",7,"Mar 02, 2014"
"JURONG EAST",2331,4189,55.6457388398186,2014-03-18,"LST_Singapore_2014-03-18.tif",7,"Mar 18, 2014"
"JURONG EAST",1364,4189,32.5614705180234,2014-04-03,"LST_Singapore_2014-04-03.tif",7,"Apr 03, 2014"
"JURONG EAST",2313,4189,55.2160420148007,2014-04-19,"LST_Singapore_2014-04-19.tif",7,"Apr 19, 2014"
"JURONG EAST",2389,4189,57.0303174982096,2014-06-22,"LST_Singapore_2014-06-22.tif",7,"Jun 22, 2014"
"JURONG EAST",2389,4189,57.0303174982096,2014-07-08,"LST_Singapore_2014-07-08.tif",7,"Jul 08, 2014"
"JURONG EAST",2389,4189,57.0303174982096,2014-07-24,"LST_Singapore_2014-07-24.tif",7,"Jul 24, 2014"
"JURONG EAST",844,4189,20.1480066841728,2014-08-09,"LST_Singapore_2014-08-09.tif",7,"Aug 09, 2014"
"JURONG EAST",2389,4189,57.0303174982096,2014-08-25,"LST_Singapore_2014-08-25.tif",7,"Aug 25, 2014"
"JURONG EAST",1476,4189,35.2351396514681,2014-10-28,"LST_Singapore_2014-10-28.tif",7,"Oct 28, 2014"
"JURONG EAST",950,4189,22.6784435426116,2014-11-13,"LST_Singapore_2014-11-13.tif",7,"Nov 13, 2014"
"JURONG EAST",1560,4189,37.2403915015517,2014-11-29,"LST_Singapore_2014-11-29.tif",7,"Nov 29, 2014"
"JURONG EAST",687,4189,16.4000954881833,2014-12-15,"LST_Singapore_2014-12-15.tif",7,"Dec 15, 2014"
"JURONG EAST",911,4189,21.7474337550728,2015-01-16,"LST_Singapore_2015-01-16.tif",7,"Jan 16, 2015"
"JURONG EAST",828,4189,19.7660539508236,2015-02-01,"LST_Singapore_2015-02-01.tif",7,"Feb 01, 2015"
"JURONG EAST",2327,4189,55.5502506564813,2015-02-17,"LST_Singapore_2015-02-17.tif",7,"Feb 17, 2015"
"JURONG EAST",964,4189,23.0126521842922,2015-03-05,"LST_Singapore_2015-03-05.tif",7,"Mar 05, 2015"
"JURONG EAST",1165,4189,27.8109333969921,2015-03-21,"LST_Singapore_2015-03-21.tif",7,"Mar 21, 2015"
"JURONG EAST",738,4189,17.6175698257341,2015-04-06,"LST_Singapore_2015-04-06.tif",7,"Apr 06, 2015"
"JURONG EAST",916,4189,21.8667939842445,2015-04-22,"LST_Singapore_2015-04-22.tif",7,"Apr 22, 2015"
"JURONG EAST",2389,4189,57.0303174982096,2015-05-08,"LST_Singapore_2015-05-08.tif",7,"May 08, 2015"
"JURONG EAST",685,4189,16.3523513965147,2015-05-24,"LST_Singapore_2015-05-24.tif",7,"May 24, 2015"
"JURONG EAST",2389,4189,57.0303174982096,2015-06-09,"LST_Singapore_2015-06-09.tif",7,"Jun 09, 2015"
"JURONG EAST",847,4189,20.2196228216758,2015-07-27,"LST_Singapore_2015-07-27.tif",7,"Jul 27, 2015"
"JURONG EAST",911,4189,21.7474337550728,2015-08-28,"LST_Singapore_2015-08-28.tif",7,"Aug 28, 2015"
"JURONG EAST",2389,4189,57.0303174982096,2015-09-13,"LST_Singapore_2015-09-13.tif",7,"Sep 13, 2015"
"JURONG EAST",2389,4189,57.0303174982096,2015-09-29,"LST_Singapore_2015-09-29.tif",7,"Sep 29, 2015"
"JURONG EAST",782,4189,18.6679398424445,2015-10-15,"LST_Singapore_2015-10-15.tif",7,"Oct 15, 2015"
"JURONG EAST",2389,4189,57.0303174982096,2015-10-31,"LST_Singapore_2015-10-31.tif",7,"Oct 31, 2015"
"JURONG EAST",2389,4189,57.0303174982096,2015-12-18,"LST_Singapore_2015-12-18.tif",7,"Dec 18, 2015"
"JURONG EAST",2348,4189,56.0515636190022,2016-03-07,"LST_Singapore_2016-03-07.tif",7,"Mar 07, 2016"
"JURONG EAST",2389,4189,57.0303174982096,2016-03-23,"LST_Singapore_2016-03-23.tif",7,"Mar 23, 2016"
"JURONG EAST",1987,4189,47.4337550728097,2016-04-08,"LST_Singapore_2016-04-08.tif",7,"Apr 08, 2016"
"JURONG EAST",2389,4189,57.0303174982096,2016-04-24,"LST_Singapore_2016-04-24.tif",7,"Apr 24, 2016"
"JURONG EAST",1852,4189,44.2110288851755,2016-05-10,"LST_Singapore_2016-05-10.tif",7,"May 10, 2016"
"JURONG EAST",2389,4189,57.0303174982096,2016-05-26,"LST_Singapore_2016-05-26.tif",7,"May 26, 2016"
"JURONG EAST",2389,4189,57.0303174982096,2016-07-13,"LST_Singapore_2016-07-13.tif",7,"Jul 13, 2016"
"JURONG EAST",976,4189,23.2991167343041,2016-07-29,"LST_Singapore_2016-07-29.tif",7,"Jul 29, 2016"
"JURONG EAST",2389,4189,57.0303174982096,2016-08-14,"LST_Singapore_2016-08-14.tif",7,"Aug 14, 2016"
"JURONG EAST",2389,4189,57.0303174982096,2016-08-30,"LST_Singapore_2016-08-30.tif",7,"Aug 30, 2016"
"JURONG EAST",2389,4189,57.0303174982096,2016-09-15,"LST_Singapore_2016-09-15.tif",7,"Sep 15, 2016"
"JURONG EAST",2389,4189,57.0303174982096,2016-10-01,"LST_Singapore_2016-10-01.tif",7,"Oct 01, 2016"
"JURONG EAST",1849,4189,44.1394127476725,2016-11-18,"LST_Singapore_2016-11-18.tif",7,"Nov 18, 2016"
"JURONG EAST",1815,4189,43.3277631893053,2016-12-04,"LST_Singapore_2016-12-04.tif",7,"Dec 04, 2016"
"JURONG EAST",2389,4189,57.0303174982096,2016-12-20,"LST_Singapore_2016-12-20.tif",7,"Dec 20, 2016"
"JURONG EAST",2389,4189,57.0303174982096,2017-01-05,"LST_Singapore_2017-01-05.tif",7,"Jan 05, 2017"
"JURONG EAST",2273,4189,54.2611601814275,2017-01-21,"LST_Singapore_2017-01-21.tif",7,"Jan 21, 2017"
"JURONG EAST",2376,4189,56.7199809023633,2017-02-06,"LST_Singapore_2017-02-06.tif",7,"Feb 06, 2017"
"JURONG EAST",2389,4189,57.0303174982096,2017-02-22,"LST_Singapore_2017-02-22.tif",7,"Feb 22, 2017"
"JURONG EAST",2065,4189,49.2957746478873,2017-03-10,"LST_Singapore_2017-03-10.tif",7,"Mar 10, 2017"
"JURONG EAST",1077,4189,25.7101933635713,2017-03-26,"LST_Singapore_2017-03-26.tif",7,"Mar 26, 2017"
"JURONG EAST",1712,4189,40.8689424683695,2017-04-11,"LST_Singapore_2017-04-11.tif",7,"Apr 11, 2017"
"JURONG EAST",2389,4189,57.0303174982096,2017-04-27,"LST_Singapore_2017-04-27.tif",7,"Apr 27, 2017"
"JURONG EAST",2389,4189,57.0303174982096,2017-05-13,"LST_Singapore_2017-05-13.tif",7,"May 13, 2017"
"JURONG EAST",1788,4189,42.6832179517785,2017-05-29,"LST_Singapore_2017-05-29.tif",7,"May 29, 2017"
"JURONG EAST",2389,4189,57.0303174982096,2017-06-14,"LST_Singapore_2017-06-14.tif",7,"Jun 14, 2017"
"JURONG EAST",653,4189,15.5884459298162,2017-06-30,"LST_Singapore_2017-06-30.tif",7,"Jun 30, 2017"
"JURONG EAST",759,4189,18.118882788255,2017-07-16,"LST_Singapore_2017-07-16.tif",7,"Jul 16, 2017"
"JURONG EAST",2015,4189,48.1021723561709,2017-08-01,"LST_Singapore_2017-08-01.tif",7,"Aug 01, 2017"
"JURONG EAST",964,4189,23.0126521842922,2017-09-02,"LST_Singapore_2017-09-02.tif",7,"Sep 02, 2017"
"JURONG EAST",2166,4189,51.7068512771545,2017-10-20,"LST_Singapore_2017-10-20.tif",7,"Oct 20, 2017"
"JURONG EAST",2389,4189,57.0303174982096,2017-11-05,"LST_Singapore_2017-11-05.tif",7,"Nov 05, 2017"
"JURONG EAST",1718,4189,41.0121747433755,2017-12-23,"LST_Singapore_2017-12-23.tif",7,"Dec 23, 2017"
"JURONG EAST",2385,4189,56.9348293148723,2018-01-08,"LST_Singapore_2018-01-08.tif",7,"Jan 08, 2018"
"JURONG EAST",2389,4189,57.0303174982096,2018-01-24,"LST_Singapore_2018-01-24.tif",7,"Jan 24, 2018"
"JURONG EAST",614,4189,14.6574361422774,2018-02-09,"LST_Singapore_2018-02-09.tif",7,"Feb 09, 2018"
"JURONG EAST",2389,4189,57.0303174982096,2018-02-25,"LST_Singapore_2018-02-25.tif",7,"Feb 25, 2018"
"JURONG EAST",2389,4189,57.0303174982096,2018-03-29,"LST_Singapore_2018-03-29.tif",7,"Mar 29, 2018"
"JURONG EAST",2158,4189,51.5158749104798,2018-04-14,"LST_Singapore_2018-04-14.tif",7,"Apr 14, 2018"
"JURONG EAST",1172,4189,27.9780377178324,2018-04-30,"LST_Singapore_2018-04-30.tif",7,"Apr 30, 2018"
"JURONG EAST",1160,4189,27.6915731678205,2018-05-16,"LST_Singapore_2018-05-16.tif",7,"May 16, 2018"
"JURONG EAST",2389,4189,57.0303174982096,2018-06-17,"LST_Singapore_2018-06-17.tif",7,"Jun 17, 2018"
"JURONG EAST",2389,4189,57.0303174982096,2018-07-03,"LST_Singapore_2018-07-03.tif",7,"Jul 03, 2018"
"JURONG EAST",2389,4189,57.0303174982096,2018-07-19,"LST_Singapore_2018-07-19.tif",7,"Jul 19, 2018"
"JURONG EAST",2389,4189,57.0303174982096,2018-08-04,"LST_Singapore_2018-08-04.tif",7,"Aug 04, 2018"
"JURONG EAST",1118,4189,26.6889472427787,2018-08-20,"LST_Singapore_2018-08-20.tif",7,"Aug 20, 2018"
"JURONG EAST",2389,4189,57.0303174982096,2018-09-05,"LST_Singapore_2018-09-05.tif",7,"Sep 05, 2018"
"JURONG EAST",2215,4189,52.8765815230365,2018-09-21,"LST_Singapore_2018-09-21.tif",7,"Sep 21, 2018"
"JURONG EAST",2389,4189,57.0303174982096,2018-10-07,"LST_Singapore_2018-10-07.tif",7,"Oct 07, 2018"
"JURONG EAST",2380,4189,56.8154690857006,2018-10-23,"LST_Singapore_2018-10-23.tif",7,"Oct 23, 2018"
"JURONG EAST",1287,4189,30.7233229887801,2018-11-08,"LST_Singapore_2018-11-08.tif",7,"Nov 08, 2018"
"JURONG EAST",1244,4189,29.696825017904,2018-12-10,"LST_Singapore_2018-12-10.tif",7,"Dec 10, 2018"
"JURONG EAST",2389,4189,57.0303174982096,2018-12-26,"LST_Singapore_2018-12-26.tif",7,"Dec 26, 2018"
"JURONG EAST",2389,4189,57.0303174982096,2019-01-11,"LST_Singapore_2019-01-11.tif",7,"Jan 11, 2019"
"JURONG EAST",2371,4189,56.6006206731917,2019-01-27,"LST_Singapore_2019-01-27.tif",7,"Jan 27, 2019"
"JURONG EAST",1678,4189,40.0572929100024,2019-02-12,"LST_Singapore_2019-02-12.tif",7,"Feb 12, 2019"
"JURONG EAST",1764,4189,42.1102888517546,2019-03-16,"LST_Singapore_2019-03-16.tif",7,"Mar 16, 2019"
"JURONG EAST",2389,4189,57.0303174982096,2019-04-01,"LST_Singapore_2019-04-01.tif",7,"Apr 01, 2019"
"JURONG EAST",1284,4189,30.6517068512772,2019-04-17,"LST_Singapore_2019-04-17.tif",7,"Apr 17, 2019"
"JURONG EAST",2218,4189,52.9481976605395,2019-05-03,"LST_Singapore_2019-05-03.tif",7,"May 03, 2019"
"JURONG EAST",2389,4189,57.0303174982096,2019-05-19,"LST_Singapore_2019-05-19.tif",7,"May 19, 2019"
"JURONG EAST",2389,4189,57.0303174982096,2019-06-04,"LST_Singapore_2019-06-04.tif",7,"Jun 04, 2019"
"JURONG EAST",2389,4189,57.0303174982096,2019-06-20,"LST_Singapore_2019-06-20.tif",7,"Jun 20, 2019"
"JURONG EAST",736,4189,17.5698257340654,2019-07-06,"LST_Singapore_2019-07-06.tif",7,"Jul 06, 2019"
"JURONG EAST",2389,4189,57.0303174982096,2019-07-22,"LST_Singapore_2019-07-22.tif",7,"Jul 22, 2019"
"JURONG EAST",2023,4189,48.2931487228455,2019-08-07,"LST_Singapore_2019-08-07.tif",7,"Aug 07, 2019"
"JURONG EAST",795,4189,18.9782764382908,2019-08-23,"LST_Singapore_2019-08-23.tif",7,"Aug 23, 2019"
"JURONG EAST",849,4189,20.2673669133445,2019-09-08,"LST_Singapore_2019-09-08.tif",7,"Sep 08, 2019"
"JURONG EAST",929,4189,22.1771305800907,2019-09-24,"LST_Singapore_2019-09-24.tif",7,"Sep 24, 2019"
"JURONG EAST",1628,4189,38.863690618286,2019-10-10,"LST_Singapore_2019-10-10.tif",7,"Oct 10, 2019"
"JURONG EAST",2087,4189,49.8209596562425,2019-10-26,"LST_Singapore_2019-10-26.tif",7,"Oct 26, 2019"
"JURONG EAST",2389,4189,57.0303174982096,2019-11-11,"LST_Singapore_2019-11-11.tif",7,"Nov 11, 2019"
"JURONG EAST",872,4189,20.816423967534,2019-11-27,"LST_Singapore_2019-11-27.tif",7,"Nov 27, 2019"
"JURONG EAST",1001,4189,23.8959178801623,2019-12-29,"LST_Singapore_2019-12-29.tif",7,"Dec 29, 2019"
"JURONG EAST",2389,4189,57.0303174982096,2020-01-14,"LST_Singapore_2020-01-14.tif",7,"Jan 14, 2020"
"JURONG EAST",2373,4189,56.6483647648603,2020-01-30,"LST_Singapore_2020-01-30.tif",7,"Jan 30, 2020"
"JURONG EAST",1175,4189,28.0496538553354,2020-02-15,"LST_Singapore_2020-02-15.tif",7,"Feb 15, 2020"
"JURONG EAST",1318,4189,31.4633564096443,2020-03-02,"LST_Singapore_2020-03-02.tif",7,"Mar 02, 2020"
"JURONG EAST",975,4189,23.2752446884698,2020-03-18,"LST_Singapore_2020-03-18.tif",7,"Mar 18, 2020"
"JURONG EAST",2389,4189,57.0303174982096,2020-04-03,"LST_Singapore_2020-04-03.tif",7,"Apr 03, 2020"
"JURONG EAST",2049,4189,48.9138219145381,2020-04-19,"LST_Singapore_2020-04-19.tif",7,"Apr 19, 2020"
"JURONG EAST",1371,4189,32.7285748388637,2020-05-05,"LST_Singapore_2020-05-05.tif",7,"May 05, 2020"
"JURONG EAST",687,4189,16.4000954881833,2020-05-21,"LST_Singapore_2020-05-21.tif",7,"May 21, 2020"
"JURONG EAST",2389,4189,57.0303174982096,2020-07-24,"LST_Singapore_2020-07-24.tif",7,"Jul 24, 2020"
"JURONG EAST",2299,4189,54.8818333731201,2020-08-09,"LST_Singapore_2020-08-09.tif",7,"Aug 09, 2020"
"JURONG EAST",2389,4189,57.0303174982096,2020-08-25,"LST_Singapore_2020-08-25.tif",7,"Aug 25, 2020"
"JURONG EAST",2389,4189,57.0303174982096,2020-09-10,"LST_Singapore_2020-09-10.tif",7,"Sep 10, 2020"
"JURONG EAST",2389,4189,57.0303174982096,2020-10-28,"LST_Singapore_2020-10-28.tif",7,"Oct 28, 2020"
"JURONG EAST",1607,4189,38.3623776557651,2020-11-13,"LST_Singapore_2020-11-13.tif",7,"Nov 13, 2020"
"JURONG EAST",952,4189,22.7261876342803,2020-12-15,"LST_Singapore_2020-12-15.tif",7,"Dec 15, 2020"
"JURONG EAST",2389,4189,57.0303174982096,2020-12-31,"LST_Singapore_2020-12-31.tif",7,"Dec 31, 2020"
"JURONG EAST",2367,4189,56.5051324898544,2021-01-16,"LST_Singapore_2021-01-16.tif",7,"Jan 16, 2021"
"JURONG EAST",586,4189,13.9890188589162,2021-02-17,"LST_Singapore_2021-02-17.tif",7,"Feb 17, 2021"
"JURONG EAST",1232,4189,29.4103604678921,2021-03-05,"LST_Singapore_2021-03-05.tif",7,"Mar 05, 2021"
"JURONG EAST",1506,4189,35.951301026498,2021-03-21,"LST_Singapore_2021-03-21.tif",7,"Mar 21, 2021"
"JURONG EAST",2154,4189,51.4203867271425,2021-04-06,"LST_Singapore_2021-04-06.tif",7,"Apr 06, 2021"
"JURONG EAST",2389,4189,57.0303174982096,2021-04-22,"LST_Singapore_2021-04-22.tif",7,"Apr 22, 2021"
"JURONG EAST",2389,4189,57.0303174982096,2021-05-08,"LST_Singapore_2021-05-08.tif",7,"May 08, 2021"
"JURONG EAST",932,4189,22.2487467175937,2021-05-24,"LST_Singapore_2021-05-24.tif",7,"May 24, 2021"
"JURONG EAST",1442,4189,34.423490093101,2021-06-09,"LST_Singapore_2021-06-09.tif",7,"Jun 09, 2021"
"JURONG EAST",1265,4189,30.1981379804249,2021-06-25,"LST_Singapore_2021-06-25.tif",7,"Jun 25, 2021"
"JURONG EAST",1559,4189,37.2165194557174,2021-07-27,"LST_Singapore_2021-07-27.tif",7,"Jul 27, 2021"
"JURONG EAST",1322,4189,31.5588445929816,2021-08-12,"LST_Singapore_2021-08-12.tif",7,"Aug 12, 2021"
"JURONG EAST",934,4189,22.2964908092624,2021-08-28,"LST_Singapore_2021-08-28.tif",7,"Aug 28, 2021"
"JURONG EAST",2389,4189,57.0303174982096,2021-09-29,"LST_Singapore_2021-09-29.tif",7,"Sep 29, 2021"
"JURONG EAST",1516,4189,36.1900214848413,2021-10-15,"LST_Singapore_2021-10-15.tif",7,"Oct 15, 2021"
"JURONG EAST",1041,4189,24.8507997135355,2021-10-31,"LST_Singapore_2021-10-31.tif",7,"Oct 31, 2021"
"JURONG EAST",957,4189,22.8455478634519,2021-11-16,"LST_Singapore_2021-11-16.tif",7,"Nov 16, 2021"
"JURONG EAST",2130,4189,50.8474576271186,2021-12-18,"LST_Singapore_2021-12-18.tif",7,"Dec 18, 2021"
"JURONG EAST",2389,4189,57.0303174982096,2022-02-04,"LST_Singapore_2022-02-04.tif",7,"Feb 04, 2022"
"JURONG EAST",764,4189,18.2382430174266,2022-02-20,"LST_Singapore_2022-02-20.tif",7,"Feb 20, 2022"
"JURONG EAST",914,4189,21.8190498925758,2022-03-08,"LST_Singapore_2022-03-08.tif",7,"Mar 08, 2022"
"JURONG EAST",707,4189,16.8775364048699,2022-03-24,"LST_Singapore_2022-03-24.tif",7,"Mar 24, 2022"
"JURONG EAST",1067,4189,25.471472905228,2022-05-27,"LST_Singapore_2022-05-27.tif",7,"May 27, 2022"
"JURONG EAST",2385,4189,56.9348293148723,2022-06-08,"LST_Singapore_2022-06-08.tif",7,"Jun 08, 2022"
"JURONG EAST",2389,4189,57.0303174982096,2022-07-12,"LST_Singapore_2022-07-12.tif",7,"Jul 12, 2022"
"JURONG EAST",1619,4189,38.648842205777,2022-07-17,"LST_Singapore_2022-07-17.tif",7,"Jul 17, 2022"
"JURONG EAST",1888,4189,45.0704225352113,2022-07-29,"LST_Singapore_2022-07-29.tif",7,"Jul 29, 2022"
"JURONG EAST",1950,4189,46.5504893769396,2022-08-15,"LST_Singapore_2022-08-15.tif",7,"Aug 15, 2022"
"JURONG EAST",1029,4189,24.5643351635235,2022-09-01,"LST_Singapore_2022-09-01.tif",7,"Sep 01, 2022"
"JURONG EAST",1069,4189,25.5192169968966,2022-10-22,"LST_Singapore_2022-10-22.tif",7,"Oct 22, 2022"
"JURONG EAST",2389,4189,57.0303174982096,2022-10-27,"LST_Singapore_2022-10-27.tif",7,"Oct 27, 2022"
"JURONG EAST",2389,4189,57.0303174982096,2022-11-08,"LST_Singapore_2022-11-08.tif",7,"Nov 08, 2022"
"JURONG EAST",2388,4189,57.0064454523753,2022-11-13,"LST_Singapore_2022-11-13.tif",7,"Nov 13, 2022"
"JURONG EAST",2294,4189,54.7624731439484,2022-12-17,"LST_Singapore_2022-12-17.tif",7,"Dec 17, 2022"
"JURONG EAST",2389,4189,57.0303174982096,2023-01-03,"LST_Singapore_2023-01-03.tif",7,"Jan 03, 2023"
"JURONG EAST",2389,4189,57.0303174982096,2023-02-06,"LST_Singapore_2023-02-06.tif",7,"Feb 06, 2023"
"JURONG EAST",1202,4189,28.6941990928623,2023-03-17,"LST_Singapore_2023-03-17.tif",7,"Mar 17, 2023"
"JURONG EAST",1561,4189,37.264263547386,2023-03-22,"LST_Singapore_2023-03-22.tif",7,"Mar 22, 2023"
"JURONG EAST",1180,4189,28.169014084507,2023-04-13,"LST_Singapore_2023-04-13.tif",7,"Apr 13, 2023"
"JURONG EAST",470,4189,11.2198615421342,2023-04-30,"LST_Singapore_2023-04-30.tif",7,"Apr 30, 2023"
"JURONG EAST",679,4189,16.2091191215087,2023-05-22,"LST_Singapore_2023-05-22.tif",7,"May 22, 2023"
"JURONG EAST",2389,4189,57.0303174982096,2023-06-13,"LST_Singapore_2023-06-13.tif",7,"Jun 13, 2023"
"JURONG EAST",2285,4189,54.5476247314395,2023-07-05,"LST_Singapore_2023-07-05.tif",7,"Jul 05, 2023"
"JURONG EAST",2389,4189,57.0303174982096,2023-07-27,"LST_Singapore_2023-07-27.tif",7,"Jul 27, 2023"
"JURONG EAST",2389,4189,57.0303174982096,2023-08-01,"LST_Singapore_2023-08-01.tif",7,"Aug 01, 2023"
"JURONG EAST",1318,4189,31.4633564096443,2023-08-23,"LST_Singapore_2023-08-23.tif",7,"Aug 23, 2023"
"JURONG EAST",1081,4189,25.8056815469086,2023-09-19,"LST_Singapore_2023-09-19.tif",7,"Sep 19, 2023"
"JURONG EAST",1177,4189,28.0973979470041,2023-10-16,"LST_Singapore_2023-10-16.tif",7,"Oct 16, 2023"
"JURONG EAST",2246,4189,53.6166149439007,2023-10-21,"LST_Singapore_2023-10-21.tif",7,"Oct 21, 2023"
"JURONG EAST",2389,4189,57.0303174982096,2023-11-17,"LST_Singapore_2023-11-17.tif",7,"Nov 17, 2023"
"JURONG EAST",1510,4189,36.0467892098353,2023-12-14,"LST_Singapore_2023-12-14.tif",7,"Dec 14, 2023"
"JURONG EAST",0,4189,0,2013-04-24,"LST_Singapore_2013-04-24.tif",8,"Apr 24, 2013"
"JURONG EAST",2389,4189,57.0303174982096,2013-05-26,"LST_Singapore_2013-05-26.tif",8,"May 26, 2013"
"JURONG EAST",2389,4189,57.0303174982096,2013-06-11,"LST_Singapore_2013-06-11.tif",8,"Jun 11, 2013"
"JURONG EAST",0,4189,0,2013-06-27,"LST_Singapore_2013-06-27.tif",8,"Jun 27, 2013"
"JURONG EAST",2389,4189,57.0303174982096,2013-07-13,"LST_Singapore_2013-07-13.tif",8,"Jul 13, 2013"
"JURONG EAST",2368,4189,56.5290045356887,2013-07-29,"LST_Singapore_2013-07-29.tif",8,"Jul 29, 2013"
"JURONG EAST",291,4189,6.94676533778945,2013-08-30,"LST_Singapore_2013-08-30.tif",8,"Aug 30, 2013"
"JURONG EAST",2019,4189,48.1976605395082,2013-10-01,"LST_Singapore_2013-10-01.tif",8,"Oct 01, 2013"
"JURONG EAST",1507,4189,35.9751730723323,2013-10-17,"LST_Singapore_2013-10-17.tif",8,"Oct 17, 2013"
"JURONG EAST",2389,4189,57.0303174982096,2013-11-02,"LST_Singapore_2013-11-02.tif",8,"Nov 02, 2013"
"JURONG EAST",2389,4189,57.0303174982096,2014-01-21,"LST_Singapore_2014-01-21.tif",8,"Jan 21, 2014"
"JURONG EAST",134,4189,3.19885414179995,2014-02-06,"LST_Singapore_2014-02-06.tif",8,"Feb 06, 2014"
"JURONG EAST",333,4189,7.94939126283122,2014-02-22,"LST_Singapore_2014-02-22.tif",8,"Feb 22, 2014"
"JURONG EAST",2305,4189,55.025065648126,2014-03-10,"LST_Singapore_2014-03-10.tif",8,"Mar 10, 2014"
"JURONG EAST",637,4189,15.2064931964669,2014-03-26,"LST_Singapore_2014-03-26.tif",8,"Mar 26, 2014"
"JURONG EAST",1780,4189,42.4922415851038,2014-04-11,"LST_Singapore_2014-04-11.tif",8,"Apr 11, 2014"
"JURONG EAST",2389,4189,57.0303174982096,2014-04-27,"LST_Singapore_2014-04-27.tif",8,"Apr 27, 2014"
"JURONG EAST",654,4189,15.6123179756505,2014-05-13,"LST_Singapore_2014-05-13.tif",8,"May 13, 2014"
"JURONG EAST",1493,4189,35.6409644306517,2014-05-29,"LST_Singapore_2014-05-29.tif",8,"May 29, 2014"
"JURONG EAST",2389,4189,57.0303174982096,2014-06-14,"LST_Singapore_2014-06-14.tif",8,"Jun 14, 2014"
"JURONG EAST",2347,4189,56.0276915731678,2014-06-30,"LST_Singapore_2014-06-30.tif",8,"Jun 30, 2014"
"JURONG EAST",9,4189,0.214848412508952,2014-07-16,"LST_Singapore_2014-07-16.tif",8,"Jul 16, 2014"
"JURONG EAST",2389,4189,57.0303174982096,2014-08-01,"LST_Singapore_2014-08-01.tif",8,"Aug 01, 2014"
"JURONG EAST",2389,4189,57.0303174982096,2014-08-17,"LST_Singapore_2014-08-17.tif",8,"Aug 17, 2014"
"JURONG EAST",442,4189,10.551444258773,2014-09-02,"LST_Singapore_2014-09-02.tif",8,"Sep 02, 2014"
"JURONG EAST",2389,4189,57.0303174982096,2014-09-18,"LST_Singapore_2014-09-18.tif",8,"Sep 18, 2014"
"JURONG EAST",2389,4189,57.0303174982096,2014-10-04,"LST_Singapore_2014-10-04.tif",8,"Oct 04, 2014"
"JURONG EAST",74,4189,1.76653139174027,2014-10-20,"LST_Singapore_2014-10-20.tif",8,"Oct 20, 2014"
"JURONG EAST",812,4189,19.3841012174743,2014-11-05,"LST_Singapore_2014-11-05.tif",8,"Nov 05, 2014"
"JURONG EAST",2389,4189,57.0303174982096,2014-11-21,"LST_Singapore_2014-11-21.tif",8,"Nov 21, 2014"
"JURONG EAST",1613,4189,38.5056099307711,2014-12-07,"LST_Singapore_2014-12-07.tif",8,"Dec 07, 2014"
"JURONG EAST",2389,4189,57.0303174982096,2015-01-08,"LST_Singapore_2015-01-08.tif",8,"Jan 08, 2015"
"JURONG EAST",2389,4189,57.0303174982096,2015-01-24,"LST_Singapore_2015-01-24.tif",8,"Jan 24, 2015"
"JURONG EAST",2388,4189,57.0064454523753,2015-02-09,"LST_Singapore_2015-02-09.tif",8,"Feb 09, 2015"
"JURONG EAST",435,4189,10.3843399379327,2015-02-25,"LST_Singapore_2015-02-25.tif",8,"Feb 25, 2015"
"JURONG EAST",774,4189,18.4769634757699,2015-03-13,"LST_Singapore_2015-03-13.tif",8,"Mar 13, 2015"
"JURONG EAST",2389,4189,57.0303174982096,2015-03-29,"LST_Singapore_2015-03-29.tif",8,"Mar 29, 2015"
"JURONG EAST",1408,4189,33.6118405347338,2015-04-14,"LST_Singapore_2015-04-14.tif",8,"Apr 14, 2015"
"JURONG EAST",2389,4189,57.0303174982096,2015-04-30,"LST_Singapore_2015-04-30.tif",8,"Apr 30, 2015"
"JURONG EAST",553,4189,13.2012413463834,2015-05-16,"LST_Singapore_2015-05-16.tif",8,"May 16, 2015"
"JURONG EAST",33,4189,0.787777512532824,2015-06-01,"LST_Singapore_2015-06-01.tif",8,"Jun 01, 2015"
"JURONG EAST",2388,4189,57.0064454523753,2015-06-17,"LST_Singapore_2015-06-17.tif",8,"Jun 17, 2015"
"JURONG EAST",2326,4189,55.5263786106469,2015-07-03,"LST_Singapore_2015-07-03.tif",8,"Jul 03, 2015"
"JURONG EAST",2389,4189,57.0303174982096,2015-07-19,"LST_Singapore_2015-07-19.tif",8,"Jul 19, 2015"
"JURONG EAST",2389,4189,57.0303174982096,2015-08-04,"LST_Singapore_2015-08-04.tif",8,"Aug 04, 2015"
"JURONG EAST",1510,4189,36.0467892098353,2015-08-20,"LST_Singapore_2015-08-20.tif",8,"Aug 20, 2015"
"JURONG EAST",337,4189,8.04487944616854,2015-09-05,"LST_Singapore_2015-09-05.tif",8,"Sep 05, 2015"
"JURONG EAST",2066,4189,49.3196466937217,2015-09-21,"LST_Singapore_2015-09-21.tif",8,"Sep 21, 2015"
"JURONG EAST",2389,4189,57.0303174982096,2015-10-07,"LST_Singapore_2015-10-07.tif",8,"Oct 07, 2015"
"JURONG EAST",2389,4189,57.0303174982096,2015-10-23,"LST_Singapore_2015-10-23.tif",8,"Oct 23, 2015"
"JURONG EAST",2389,4189,57.0303174982096,2015-11-24,"LST_Singapore_2015-11-24.tif",8,"Nov 24, 2015"
"JURONG EAST",2357,4189,56.2664120315111,2015-12-10,"LST_Singapore_2015-12-10.tif",8,"Dec 10, 2015"
"JURONG EAST",1372,4189,32.752446884698,2015-12-26,"LST_Singapore_2015-12-26.tif",8,"Dec 26, 2015"
"JURONG EAST",407,4189,9.7159226545715,2016-01-11,"LST_Singapore_2016-01-11.tif",8,"Jan 11, 2016"
"JURONG EAST",2318,4189,55.3354022439723,2016-01-27,"LST_Singapore_2016-01-27.tif",8,"Jan 27, 2016"
"JURONG EAST",2359,4189,56.3141561231798,2016-02-12,"LST_Singapore_2016-02-12.tif",8,"Feb 12, 2016"
"JURONG EAST",1201,4189,28.6703270470279,2016-02-28,"LST_Singapore_2016-02-28.tif",8,"Feb 28, 2016"
"JURONG EAST",1178,4189,28.1212699928384,2016-03-15,"LST_Singapore_2016-03-15.tif",8,"Mar 15, 2016"
"JURONG EAST",1436,4189,34.280257818095,2016-03-31,"LST_Singapore_2016-03-31.tif",8,"Mar 31, 2016"
"JURONG EAST",927,4189,22.1293864884221,2016-04-16,"LST_Singapore_2016-04-16.tif",8,"Apr 16, 2016"
"JURONG EAST",1427,4189,34.0654094055861,2016-05-02,"LST_Singapore_2016-05-02.tif",8,"May 02, 2016"
"JURONG EAST",2300,4189,54.9057054189544,2016-05-18,"LST_Singapore_2016-05-18.tif",8,"May 18, 2016"
"JURONG EAST",2006,4189,47.887323943662,2016-06-03,"LST_Singapore_2016-06-03.tif",8,"Jun 03, 2016"
"JURONG EAST",1167,4189,27.8586774886608,2016-07-05,"LST_Singapore_2016-07-05.tif",8,"Jul 05, 2016"
"JURONG EAST",2389,4189,57.0303174982096,2016-07-21,"LST_Singapore_2016-07-21.tif",8,"Jul 21, 2016"
"JURONG EAST",2130,4189,50.8474576271186,2016-08-06,"LST_Singapore_2016-08-06.tif",8,"Aug 06, 2016"
"JURONG EAST",2389,4189,57.0303174982096,2016-08-22,"LST_Singapore_2016-08-22.tif",8,"Aug 22, 2016"
"JURONG EAST",2389,4189,57.0303174982096,2016-09-07,"LST_Singapore_2016-09-07.tif",8,"Sep 07, 2016"
"JURONG EAST",1543,4189,36.8345667223681,2016-09-23,"LST_Singapore_2016-09-23.tif",8,"Sep 23, 2016"
"JURONG EAST",2389,4189,57.0303174982096,2016-10-09,"LST_Singapore_2016-10-09.tif",8,"Oct 09, 2016"
"JURONG EAST",2389,4189,57.0303174982096,2016-10-25,"LST_Singapore_2016-10-25.tif",8,"Oct 25, 2016"
"JURONG EAST",2389,4189,57.0303174982096,2016-11-10,"LST_Singapore_2016-11-10.tif",8,"Nov 10, 2016"
"JURONG EAST",2389,4189,57.0303174982096,2016-11-26,"LST_Singapore_2016-11-26.tif",8,"Nov 26, 2016"
"JURONG EAST",2389,4189,57.0303174982096,2017-01-13,"LST_Singapore_2017-01-13.tif",8,"Jan 13, 2017"
"JURONG EAST",2389,4189,57.0303174982096,2017-02-14,"LST_Singapore_2017-02-14.tif",8,"Feb 14, 2017"
"JURONG EAST",2389,4189,57.0303174982096,2017-03-02,"LST_Singapore_2017-03-02.tif",8,"Mar 02, 2017"
"JURONG EAST",2389,4189,57.0303174982096,2017-03-18,"LST_Singapore_2017-03-18.tif",8,"Mar 18, 2017"
"JURONG EAST",2389,4189,57.0303174982096,2017-04-03,"LST_Singapore_2017-04-03.tif",8,"Apr 03, 2017"
"JURONG EAST",1568,4189,37.4313678682263,2017-04-19,"LST_Singapore_2017-04-19.tif",8,"Apr 19, 2017"
"JURONG EAST",2235,4189,53.3540224397231,2017-05-05,"LST_Singapore_2017-05-05.tif",8,"May 05, 2017"
"JURONG EAST",2389,4189,57.0303174982096,2017-05-21,"LST_Singapore_2017-05-21.tif",8,"May 21, 2017"
"JURONG EAST",2389,4189,57.0303174982096,2017-06-06,"LST_Singapore_2017-06-06.tif",8,"Jun 06, 2017"
"JURONG EAST",2389,4189,57.0303174982096,2017-06-22,"LST_Singapore_2017-06-22.tif",8,"Jun 22, 2017"
"JURONG EAST",1498,4189,35.7603246598233,2017-07-08,"LST_Singapore_2017-07-08.tif",8,"Jul 08, 2017"
"JURONG EAST",1094,4189,26.1160181427548,2017-07-24,"LST_Singapore_2017-07-24.tif",8,"Jul 24, 2017"
"JURONG EAST",2389,4189,57.0303174982096,2017-08-09,"LST_Singapore_2017-08-09.tif",8,"Aug 09, 2017"
"JURONG EAST",93,4189,2.2201002625925,2017-08-25,"LST_Singapore_2017-08-25.tif",8,"Aug 25, 2017"
"JURONG EAST",2389,4189,57.0303174982096,2017-09-10,"LST_Singapore_2017-09-10.tif",8,"Sep 10, 2017"
"JURONG EAST",2298,4189,54.8579613272858,2017-09-26,"LST_Singapore_2017-09-26.tif",8,"Sep 26, 2017"
"JURONG EAST",1635,4189,39.0307949391263,2017-10-28,"LST_Singapore_2017-10-28.tif",8,"Oct 28, 2017"
"JURONG EAST",2389,4189,57.0303174982096,2017-11-13,"LST_Singapore_2017-11-13.tif",8,"Nov 13, 2017"
"JURONG EAST",2389,4189,57.0303174982096,2017-11-29,"LST_Singapore_2017-11-29.tif",8,"Nov 29, 2017"
"JURONG EAST",1090,4189,26.0205299594175,2017-12-15,"LST_Singapore_2017-12-15.tif",8,"Dec 15, 2017"
"JURONG EAST",2389,4189,57.0303174982096,2018-01-16,"LST_Singapore_2018-01-16.tif",8,"Jan 16, 2018"
"JURONG EAST",2159,4189,51.5397469563142,2018-02-01,"LST_Singapore_2018-02-01.tif",8,"Feb 01, 2018"
"JURONG EAST",164,4189,3.91501551682979,2018-02-17,"LST_Singapore_2018-02-17.tif",8,"Feb 17, 2018"
"JURONG EAST",2389,4189,57.0303174982096,2018-03-05,"LST_Singapore_2018-03-05.tif",8,"Mar 05, 2018"
"JURONG EAST",2389,4189,57.0303174982096,2018-03-21,"LST_Singapore_2018-03-21.tif",8,"Mar 21, 2018"
"JURONG EAST",2389,4189,57.0303174982096,2018-04-06,"LST_Singapore_2018-04-06.tif",8,"Apr 06, 2018"
"JURONG EAST",2386,4189,56.9587013607066,2018-04-22,"LST_Singapore_2018-04-22.tif",8,"Apr 22, 2018"
"JURONG EAST",18,4189,0.429696825017904,2018-05-08,"LST_Singapore_2018-05-08.tif",8,"May 08, 2018"
"JURONG EAST",1,4189,0.023872045834328,2018-05-24,"LST_Singapore_2018-05-24.tif",8,"May 24, 2018"
"JURONG EAST",2389,4189,57.0303174982096,2018-06-09,"LST_Singapore_2018-06-09.tif",8,"Jun 09, 2018"
"JURONG EAST",2389,4189,57.0303174982096,2018-07-11,"LST_Singapore_2018-07-11.tif",8,"Jul 11, 2018"
"JURONG EAST",871,4189,20.7925519216997,2018-07-27,"LST_Singapore_2018-07-27.tif",8,"Jul 27, 2018"
"JURONG EAST",2371,4189,56.6006206731917,2018-08-12,"LST_Singapore_2018-08-12.tif",8,"Aug 12, 2018"
"JURONG EAST",117,4189,2.79302936261638,2018-08-28,"LST_Singapore_2018-08-28.tif",8,"Aug 28, 2018"
"JURONG EAST",2389,4189,57.0303174982096,2018-09-13,"LST_Singapore_2018-09-13.tif",8,"Sep 13, 2018"
"JURONG EAST",2389,4189,57.0303174982096,2018-09-29,"LST_Singapore_2018-09-29.tif",8,"Sep 29, 2018"
"JURONG EAST",19,4189,0.453568870852232,2018-10-15,"LST_Singapore_2018-10-15.tif",8,"Oct 15, 2018"
"JURONG EAST",2389,4189,57.0303174982096,2018-10-31,"LST_Singapore_2018-10-31.tif",8,"Oct 31, 2018"
"JURONG EAST",2389,4189,57.0303174982096,2018-11-16,"LST_Singapore_2018-11-16.tif",8,"Nov 16, 2018"
"JURONG EAST",2389,4189,57.0303174982096,2018-12-02,"LST_Singapore_2018-12-02.tif",8,"Dec 02, 2018"
"JURONG EAST",1115,4189,26.6173311052757,2018-12-18,"LST_Singapore_2018-12-18.tif",8,"Dec 18, 2018"
"JURONG EAST",2389,4189,57.0303174982096,2019-01-03,"LST_Singapore_2019-01-03.tif",8,"Jan 03, 2019"
"JURONG EAST",1527,4189,36.4526139890189,2019-02-04,"LST_Singapore_2019-02-04.tif",8,"Feb 04, 2019"
"JURONG EAST",2330,4189,55.6218667939842,2019-02-20,"LST_Singapore_2019-02-20.tif",8,"Feb 20, 2019"
"JURONG EAST",1375,4189,32.824063022201,2019-03-08,"LST_Singapore_2019-03-08.tif",8,"Mar 08, 2019"
"JURONG EAST",1504,4189,35.9035569348293,2019-03-24,"LST_Singapore_2019-03-24.tif",8,"Mar 24, 2019"
"JURONG EAST",1314,4189,31.367868226307,2019-04-09,"LST_Singapore_2019-04-09.tif",8,"Apr 09, 2019"
"JURONG EAST",2314,4189,55.239914060635,2019-04-25,"LST_Singapore_2019-04-25.tif",8,"Apr 25, 2019"
"JURONG EAST",2389,4189,57.0303174982096,2019-05-11,"LST_Singapore_2019-05-11.tif",8,"May 11, 2019"
"JURONG EAST",1096,4189,26.1637622344235,2019-05-27,"LST_Singapore_2019-05-27.tif",8,"May 27, 2019"
"JURONG EAST",444,4189,10.5991883504416,2019-06-28,"LST_Singapore_2019-06-28.tif",8,"Jun 28, 2019"
"JURONG EAST",410,4189,9.78753879207448,2019-07-14,"LST_Singapore_2019-07-14.tif",8,"Jul 14, 2019"
"JURONG EAST",1744,4189,41.632847935068,2019-07-30,"LST_Singapore_2019-07-30.tif",8,"Jul 30, 2019"
"JURONG EAST",2389,4189,57.0303174982096,2019-08-15,"LST_Singapore_2019-08-15.tif",8,"Aug 15, 2019"
"JURONG EAST",2389,4189,57.0303174982096,2019-08-31,"LST_Singapore_2019-08-31.tif",8,"Aug 31, 2019"
"JURONG EAST",0,4189,0,2019-09-16,"LST_Singapore_2019-09-16.tif",8,"Sep 16, 2019"
"JURONG EAST",2381,4189,56.839341131535,2019-10-18,"LST_Singapore_2019-10-18.tif",8,"Oct 18, 2019"
"JURONG EAST",2389,4189,57.0303174982096,2019-11-03,"LST_Singapore_2019-11-03.tif",8,"Nov 03, 2019"
"JURONG EAST",2389,4189,57.0303174982096,2019-11-19,"LST_Singapore_2019-11-19.tif",8,"Nov 19, 2019"
"JURONG EAST",2389,4189,57.0303174982096,2019-12-05,"LST_Singapore_2019-12-05.tif",8,"Dec 05, 2019"
"JURONG EAST",2389,4189,57.0303174982096,2019-12-21,"LST_Singapore_2019-12-21.tif",8,"Dec 21, 2019"
"JURONG EAST",1429,4189,34.1131534972547,2020-01-06,"LST_Singapore_2020-01-06.tif",8,"Jan 06, 2020"
"JURONG EAST",1303,4189,31.1052757221294,2020-01-22,"LST_Singapore_2020-01-22.tif",8,"Jan 22, 2020"
"JURONG EAST",824,4189,19.6705657674863,2020-02-07,"LST_Singapore_2020-02-07.tif",8,"Feb 07, 2020"
"JURONG EAST",1679,4189,40.0811649558367,2020-02-23,"LST_Singapore_2020-02-23.tif",8,"Feb 23, 2020"
"JURONG EAST",494,4189,11.792790642158,2020-03-10,"LST_Singapore_2020-03-10.tif",8,"Mar 10, 2020"
"JURONG EAST",1575,4189,37.5984721890666,2020-03-26,"LST_Singapore_2020-03-26.tif",8,"Mar 26, 2020"
"JURONG EAST",2236,4189,53.3778944855574,2020-04-11,"LST_Singapore_2020-04-11.tif",8,"Apr 11, 2020"
"JURONG EAST",2389,4189,57.0303174982096,2020-04-27,"LST_Singapore_2020-04-27.tif",8,"Apr 27, 2020"
"JURONG EAST",1396,4189,33.3253759847219,2020-05-29,"LST_Singapore_2020-05-29.tif",8,"May 29, 2020"
"JURONG EAST",2389,4189,57.0303174982096,2020-06-14,"LST_Singapore_2020-06-14.tif",8,"Jun 14, 2020"
"JURONG EAST",1563,4189,37.3120076390547,2020-06-30,"LST_Singapore_2020-06-30.tif",8,"Jun 30, 2020"
"JURONG EAST",277,4189,6.61255669610886,2020-07-16,"LST_Singapore_2020-07-16.tif",8,"Jul 16, 2020"
"JURONG EAST",2389,4189,57.0303174982096,2020-08-01,"LST_Singapore_2020-08-01.tif",8,"Aug 01, 2020"
"JURONG EAST",2389,4189,57.0303174982096,2020-08-17,"LST_Singapore_2020-08-17.tif",8,"Aug 17, 2020"
"JURONG EAST",240,4189,5.72929100023872,2020-09-02,"LST_Singapore_2020-09-02.tif",8,"Sep 02, 2020"
"JURONG EAST",2389,4189,57.0303174982096,2020-09-18,"LST_Singapore_2020-09-18.tif",8,"Sep 18, 2020"
"JURONG EAST",2389,4189,57.0303174982096,2020-10-04,"LST_Singapore_2020-10-04.tif",8,"Oct 04, 2020"
"JURONG EAST",2389,4189,57.0303174982096,2020-10-20,"LST_Singapore_2020-10-20.tif",8,"Oct 20, 2020"
"JURONG EAST",2389,4189,57.0303174982096,2020-11-05,"LST_Singapore_2020-11-05.tif",8,"Nov 05, 2020"
"JURONG EAST",2229,4189,53.2107901647171,2020-11-21,"LST_Singapore_2020-11-21.tif",8,"Nov 21, 2020"
"JURONG EAST",1287,4189,30.7233229887801,2020-12-07,"LST_Singapore_2020-12-07.tif",8,"Dec 07, 2020"
"JURONG EAST",2389,4189,57.0303174982096,2020-12-23,"LST_Singapore_2020-12-23.tif",8,"Dec 23, 2020"
"JURONG EAST",2389,4189,57.0303174982096,2021-01-08,"LST_Singapore_2021-01-08.tif",8,"Jan 08, 2021"
"JURONG EAST",211,4189,5.03700167104321,2021-01-24,"LST_Singapore_2021-01-24.tif",8,"Jan 24, 2021"
"JURONG EAST",2389,4189,57.0303174982096,2021-02-09,"LST_Singapore_2021-02-09.tif",8,"Feb 09, 2021"
"JURONG EAST",645,4189,15.3974695631416,2021-02-25,"LST_Singapore_2021-02-25.tif",8,"Feb 25, 2021"
"JURONG EAST",729,4189,17.4027214132251,2021-03-13,"LST_Singapore_2021-03-13.tif",8,"Mar 13, 2021"
"JURONG EAST",1084,4189,25.8772976844116,2021-03-29,"LST_Singapore_2021-03-29.tif",8,"Mar 29, 2021"
"JURONG EAST",2389,4189,57.0303174982096,2021-04-14,"LST_Singapore_2021-04-14.tif",8,"Apr 14, 2021"
"JURONG EAST",2389,4189,57.0303174982096,2021-04-30,"LST_Singapore_2021-04-30.tif",8,"Apr 30, 2021"
"JURONG EAST",2389,4189,57.0303174982096,2021-05-16,"LST_Singapore_2021-05-16.tif",8,"May 16, 2021"
"JURONG EAST",1126,4189,26.8799236094533,2021-06-01,"LST_Singapore_2021-06-01.tif",8,"Jun 01, 2021"
"JURONG EAST",215,4189,5.13248985438052,2021-06-17,"LST_Singapore_2021-06-17.tif",8,"Jun 17, 2021"
"JURONG EAST",1412,4189,33.7073287180711,2021-07-03,"LST_Singapore_2021-07-03.tif",8,"Jul 03, 2021"
"JURONG EAST",2389,4189,57.0303174982096,2021-07-19,"LST_Singapore_2021-07-19.tif",8,"Jul 19, 2021"
"JURONG EAST",546,4189,13.0341370255431,2021-09-05,"LST_Singapore_2021-09-05.tif",8,"Sep 05, 2021"
"JURONG EAST",2389,4189,57.0303174982096,2021-09-21,"LST_Singapore_2021-09-21.tif",8,"Sep 21, 2021"
"JURONG EAST",2389,4189,57.0303174982096,2021-10-07,"LST_Singapore_2021-10-07.tif",8,"Oct 07, 2021"
"JURONG EAST",1499,4189,35.7841967056577,2021-10-23,"LST_Singapore_2021-10-23.tif",8,"Oct 23, 2021"
"JURONG EAST",2389,4189,57.0303174982096,2021-12-10,"LST_Singapore_2021-12-10.tif",8,"Dec 10, 2021"
"JURONG EAST",2389,4189,57.0303174982096,2021-12-26,"LST_Singapore_2021-12-26.tif",8,"Dec 26, 2021"
"JURONG EAST",819,4189,19.5512055383146,2022-01-11,"LST_Singapore_2022-01-11.tif",8,"Jan 11, 2022"
"JURONG EAST",2389,4189,57.0303174982096,2022-01-27,"LST_Singapore_2022-01-27.tif",8,"Jan 27, 2022"
"JURONG EAST",585,4189,13.9651468130819,2022-02-12,"LST_Singapore_2022-02-12.tif",8,"Feb 12, 2022"
"JURONG EAST",2389,4189,57.0303174982096,2022-02-28,"LST_Singapore_2022-02-28.tif",8,"Feb 28, 2022"
"JURONG EAST",2389,4189,57.0303174982096,2022-03-16,"LST_Singapore_2022-03-16.tif",8,"Mar 16, 2022"
"JURONG EAST",1209,4189,28.8613034137026,2022-04-01,"LST_Singapore_2022-04-01.tif",8,"Apr 01, 2022"
"JURONG EAST",2355,4189,56.2186679398424,2022-04-17,"LST_Singapore_2022-04-17.tif",8,"Apr 17, 2022"
"JURONG EAST",2389,4189,57.0303174982096,2022-05-03,"LST_Singapore_2022-05-03.tif",8,"May 03, 2022"
"JURONG EAST",2389,4189,57.0303174982096,2022-05-19,"LST_Singapore_2022-05-19.tif",8,"May 19, 2022"
"JURONG EAST",2385,4189,56.9348293148723,2022-06-04,"LST_Singapore_2022-06-04.tif",8,"Jun 04, 2022"
"JURONG EAST",2389,4189,57.0303174982096,2022-07-06,"LST_Singapore_2022-07-06.tif",8,"Jul 06, 2022"
"JURONG EAST",2389,4189,57.0303174982096,2022-07-22,"LST_Singapore_2022-07-22.tif",8,"Jul 22, 2022"
"JURONG EAST",2389,4189,57.0303174982096,2022-08-07,"LST_Singapore_2022-08-07.tif",8,"Aug 07, 2022"
"JURONG EAST",2389,4189,57.0303174982096,2022-08-23,"LST_Singapore_2022-08-23.tif",8,"Aug 23, 2022"
"JURONG EAST",2389,4189,57.0303174982096,2022-09-24,"LST_Singapore_2022-09-24.tif",8,"Sep 24, 2022"
"JURONG EAST",2389,4189,57.0303174982096,2022-11-11,"LST_Singapore_2022-11-11.tif",8,"Nov 11, 2022"
"JURONG EAST",2389,4189,57.0303174982096,2022-11-27,"LST_Singapore_2022-11-27.tif",8,"Nov 27, 2022"
"JURONG EAST",2389,4189,57.0303174982096,2023-01-14,"LST_Singapore_2023-01-14.tif",8,"Jan 14, 2023"
"JURONG EAST",1959,4189,46.7653377894486,2023-03-19,"LST_Singapore_2023-03-19.tif",8,"Mar 19, 2023"
"JURONG EAST",2389,4189,57.0303174982096,2023-04-04,"LST_Singapore_2023-04-04.tif",8,"Apr 04, 2023"
"JURONG EAST",2389,4189,57.0303174982096,2023-04-20,"LST_Singapore_2023-04-20.tif",8,"Apr 20, 2023"
"JURONG EAST",2389,4189,57.0303174982096,2023-05-06,"LST_Singapore_2023-05-06.tif",8,"May 06, 2023"
"JURONG EAST",280,4189,6.68417283361184,2023-05-22,"LST_Singapore_2023-05-22.tif",8,"May 22, 2023"
"JURONG EAST",2365,4189,56.4573883981857,2023-06-07,"LST_Singapore_2023-06-07.tif",8,"Jun 07, 2023"
"JURONG EAST",1188,4189,28.3599904511817,2023-06-23,"LST_Singapore_2023-06-23.tif",8,"Jun 23, 2023"
"JURONG EAST",2327,4189,55.5502506564813,2023-07-09,"LST_Singapore_2023-07-09.tif",8,"Jul 09, 2023"
"JURONG EAST",709,4189,16.9252804965386,2023-07-25,"LST_Singapore_2023-07-25.tif",8,"Jul 25, 2023"
"JURONG EAST",770,4189,18.3814752924326,2023-08-10,"LST_Singapore_2023-08-10.tif",8,"Aug 10, 2023"
"JURONG EAST",2389,4189,57.0303174982096,2023-08-26,"LST_Singapore_2023-08-26.tif",8,"Aug 26, 2023"
"JURONG EAST",2389,4189,57.0303174982096,2023-09-11,"LST_Singapore_2023-09-11.tif",8,"Sep 11, 2023"
"JURONG EAST",316,4189,7.54356648364765,2023-09-27,"LST_Singapore_2023-09-27.tif",8,"Sep 27, 2023"
"JURONG EAST",3,4189,0.071616137502984,2023-10-13,"LST_Singapore_2023-10-13.tif",8,"Oct 13, 2023"
"JURONG EAST",1047,4189,24.9940319885414,2023-10-29,"LST_Singapore_2023-10-29.tif",8,"Oct 29, 2023"
"JURONG EAST",2389,4189,57.0303174982096,2023-11-14,"LST_Singapore_2023-11-14.tif",8,"Nov 14, 2023"
"JURONG EAST",2386,4189,56.9587013607066,2023-11-30,"LST_Singapore_2023-11-30.tif",8,"Nov 30, 2023"
"JURONG EAST",1150,4189,27.4528527094772,2023-12-16,"LST_Singapore_2023-12-16.tif",8,"Dec 16, 2023"
"JURONG EAST",2389,4189,57.0303174982096,2024-01-17,"LST_Singapore_2024-01-17.tif",8,"Jan 17, 2024"
"JURONG EAST",1538,4189,36.7152064931965,2024-02-02,"LST_Singapore_2024-02-02.tif",8,"Feb 02, 2024"
"JURONG EAST",855,4189,20.4105991883504,2024-02-18,"LST_Singapore_2024-02-18.tif",8,"Feb 18, 2024"
"JURONG EAST",2389,4189,57.0303174982096,2024-03-05,"LST_Singapore_2024-03-05.tif",8,"Mar 05, 2024"
"JURONG EAST",104,4189,2.48269276677011,2024-03-21,"LST_Singapore_2024-03-21.tif",8,"Mar 21, 2024"
"JURONG EAST",1732,4189,41.3463833850561,2024-04-06,"LST_Singapore_2024-04-06.tif",8,"Apr 06, 2024"
"JURONG EAST",2389,4189,57.0303174982096,2024-04-22,"LST_Singapore_2024-04-22.tif",8,"Apr 22, 2024"
"JURONG EAST",2389,4189,57.0303174982096,2024-05-08,"LST_Singapore_2024-05-08.tif",8,"May 08, 2024"
"JURONG EAST",2282,4189,54.4760085939365,2024-06-09,"LST_Singapore_2024-06-09.tif",8,"Jun 09, 2024"
"JURONG EAST",1493,4189,35.6409644306517,2024-06-25,"LST_Singapore_2024-06-25.tif",8,"Jun 25, 2024"
"JURONG EAST",428,4189,10.2172356170924,2024-07-11,"LST_Singapore_2024-07-11.tif",8,"Jul 11, 2024"
"JURONG EAST",2389,4189,57.0303174982096,2024-07-27,"LST_Singapore_2024-07-27.tif",8,"Jul 27, 2024"
"JURONG EAST",185,4189,4.41632847935068,2024-08-12,"LST_Singapore_2024-08-12.tif",8,"Aug 12, 2024"
"JURONG EAST",2389,4189,57.0303174982096,2024-08-28,"LST_Singapore_2024-08-28.tif",8,"Aug 28, 2024"
"JURONG EAST",1034,4189,24.6836953926952,2024-09-13,"LST_Singapore_2024-09-13.tif",8,"Sep 13, 2024"
"JURONG EAST",2209,4189,52.7333492480306,2024-09-29,"LST_Singapore_2024-09-29.tif",8,"Sep 29, 2024"
"JURONG EAST",2389,4189,57.0303174982096,2024-10-31,"LST_Singapore_2024-10-31.tif",8,"Oct 31, 2024"
"JURONG EAST",1917,4189,45.7627118644068,2024-11-16,"LST_Singapore_2024-11-16.tif",8,"Nov 16, 2024"
